id,npcShipId,slotOrder,slotId,itemDefId,notesKo
Player_scout_ship__ARMOR,Player_scout_ship,1,ARMOR,,NPC 장비슬롯 1/4 · itemDefId 비우면 미장착
Player_scout_ship__ENGINE,Player_scout_ship,2,ENGINE,,NPC 장비슬롯 2/4 · itemDefId 비우면 미장착
Player_scout_ship__SYSTEM,Player_scout_ship,3,SYSTEM,,NPC 장비슬롯 3/4 · itemDefId 비우면 미장착
Player_scout_ship__EX_01,Player_scout_ship,4,EX_01,,NPC 장비슬롯 4/4 · itemDefId 비우면 미장착
Player_npc_red_fleet_1__ARMOR,Player_npc_red_fleet_1,1,ARMOR,,NPC 장비슬롯 1/4 · itemDefId 비우면 미장착
Player_npc_red_fleet_1__ENGINE,Player_npc_red_fleet_1,2,ENGINE,,NPC 장비슬롯 2/4 · itemDefId 비우면 미장착
Player_npc_red_fleet_1__SYSTEM,Player_npc_red_fleet_1,3,SYSTEM,,NPC 장비슬롯 3/4 · itemDefId 비우면 미장착
Player_npc_red_fleet_1__EX_01,Player_npc_red_fleet_1,4,EX_01,,NPC 장비슬롯 4/4 · itemDefId 비우면 미장착
Player_frigate_mk2__ARMOR,Player_frigate_mk2,1,ARMOR,,NPC 장비슬롯 1/4 · itemDefId 비우면 미장착
Player_frigate_mk2__ENGINE,Player_frigate_mk2,2,ENGINE,,NPC 장비슬롯 2/4 · itemDefId 비우면 미장착
Player_frigate_mk2__SYSTEM,Player_frigate_mk2,3,SYSTEM,,NPC 장비슬롯 3/4 · itemDefId 비우면 미장착
Player_frigate_mk2__EX_01,Player_frigate_mk2,4,EX_01,,NPC 장비슬롯 4/4 · itemDefId 비우면 미장착
Player_destroyer_mk1__ARMOR,Player_destroyer_mk1,1,ARMOR,,NPC 장비슬롯 1/4 · itemDefId 비우면 미장착
Player_destroyer_mk1__ENGINE,Player_destroyer_mk1,2,ENGINE,,NPC 장비슬롯 2/4 · itemDefId 비우면 미장착
Player_destroyer_mk1__SYSTEM,Player_destroyer_mk1,3,SYSTEM,,NPC 장비슬롯 3/4 · itemDefId 비우면 미장착
Player_destroyer_mk1__EX_01,Player_destroyer_mk1,4,EX_01,,NPC 장비슬롯 4/4 · itemDefId 비우면 미장착
Player_destroyer_mk2__ARMOR,Player_destroyer_mk2,1,ARMOR,,NPC 장비슬롯 1/4 · itemDefId 비우면 미장착
Player_destroyer_mk2__ENGINE,Player_destroyer_mk2,2,ENGINE,,NPC 장비슬롯 2/4 · itemDefId 비우면 미장착
Player_destroyer_mk2__SYSTEM,Player_destroyer_mk2,3,SYSTEM,,NPC 장비슬롯 3/4 · itemDefId 비우면 미장착
Player_destroyer_mk2__EX_01,Player_destroyer_mk2,4,EX_01,,NPC 장비슬롯 4/4 · itemDefId 비우면 미장착
Player_cruiser_mk1__ARMOR,Player_cruiser_mk1,1,ARMOR,,NPC 장비슬롯 1/4 · itemDefId 비우면 미장착
Player_cruiser_mk1__ENGINE,Player_cruiser_mk1,2,ENGINE,,NPC 장비슬롯 2/4 · itemDefId 비우면 미장착
Player_cruiser_mk1__SYSTEM,Player_cruiser_mk1,3,SYSTEM,,NPC 장비슬롯 3/4 · itemDefId 비우면 미장착
Player_cruiser_mk1__EX_01,Player_cruiser_mk1,4,EX_01,,NPC 장비슬롯 4/4 · itemDefId 비우면 미장착
Player_cruiser_mk2__ARMOR,Player_cruiser_mk2,1,ARMOR,,NPC 장비슬롯 1/4 · itemDefId 비우면 미장착
Player_cruiser_mk2__ENGINE,Player_cruiser_mk2,2,ENGINE,,NPC 장비슬롯 2/4 · itemDefId 비우면 미장착
Player_cruiser_mk2__SYSTEM,Player_cruiser_mk2,3,SYSTEM,,NPC 장비슬롯 3/4 · itemDefId 비우면 미장착
Player_cruiser_mk2__EX_01,Player_cruiser_mk2,4,EX_01,,NPC 장비슬롯 4/4 · itemDefId 비우면 미장착
Player_battlecruiser_mk1__ARMOR,Player_battlecruiser_mk1,1,ARMOR,,NPC 장비슬롯 1/4 · itemDefId 비우면 미장착
Player_battlecruiser_mk1__ENGINE,Player_battlecruiser_mk1,2,ENGINE,,NPC 장비슬롯 2/4 · itemDefId 비우면 미장착
Player_battlecruiser_mk1__SYSTEM,Player_battlecruiser_mk1,3,SYSTEM,,NPC 장비슬롯 3/4 · itemDefId 비우면 미장착
Player_battlecruiser_mk1__EX_01,Player_battlecruiser_mk1,4,EX_01,,NPC 장비슬롯 4/4 · itemDefId 비우면 미장착
Player_battlecruiser_apex__ARMOR,Player_battlecruiser_apex,1,ARMOR,,NPC 장비슬롯 1/4 · itemDefId 비우면 미장착
Player_battlecruiser_apex__ENGINE,Player_battlecruiser_apex,2,ENGINE,,NPC 장비슬롯 2/4 · itemDefId 비우면 미장착
Player_battlecruiser_apex__SYSTEM,Player_battlecruiser_apex,3,SYSTEM,,NPC 장비슬롯 3/4 · itemDefId 비우면 미장착
Player_battlecruiser_apex__EX_01,Player_battlecruiser_apex,4,EX_01,,NPC 장비슬롯 4/4 · itemDefId 비우면 미장착
Player_dreadnought_mk1__ARMOR,Player_dreadnought_mk1,1,ARMOR,,NPC 장비슬롯 1/4 · itemDefId 비우면 미장착
Player_dreadnought_mk1__ENGINE,Player_dreadnought_mk1,2,ENGINE,,NPC 장비슬롯 2/4 · itemDefId 비우면 미장착
Player_dreadnought_mk1__SYSTEM,Player_dreadnought_mk1,3,SYSTEM,,NPC 장비슬롯 3/4 · itemDefId 비우면 미장착
Player_dreadnought_mk1__EX_01,Player_dreadnought_mk1,4,EX_01,,NPC 장비슬롯 4/4 · itemDefId 비우면 미장착
Player_super_capital_mk1__ARMOR,Player_super_capital_mk1,1,ARMOR,,NPC 장비슬롯 1/4 · itemDefId 비우면 미장착
Player_super_capital_mk1__ENGINE,Player_super_capital_mk1,2,ENGINE,,NPC 장비슬롯 2/4 · itemDefId 비우면 미장착
Player_super_capital_mk1__SYSTEM,Player_super_capital_mk1,3,SYSTEM,,NPC 장비슬롯 3/4 · itemDefId 비우면 미장착
Player_super_capital_mk1__EX_01,Player_super_capital_mk1,4,EX_01,,NPC 장비슬롯 4/4 · itemDefId 비우면 미장착
Player_apex_legend_mk1__ARMOR,Player_apex_legend_mk1,1,ARMOR,,NPC 장비슬롯 1/4 · itemDefId 비우면 미장착
Player_apex_legend_mk1__ENGINE,Player_apex_legend_mk1,2,ENGINE,,NPC 장비슬롯 2/4 · itemDefId 비우면 미장착
Player_apex_legend_mk1__SYSTEM,Player_apex_legend_mk1,3,SYSTEM,,NPC 장비슬롯 3/4 · itemDefId 비우면 미장착
Player_apex_legend_mk1__EX_01,Player_apex_legend_mk1,4,EX_01,,NPC 장비슬롯 4/4 · itemDefId 비우면 미장착
player_wave_ship__ARMOR,player_wave_ship,1,ARMOR,,NPC 장비슬롯 1/4 · itemDefId 비우면 미장착
player_wave_ship__ENGINE,player_wave_ship,2,ENGINE,,NPC 장비슬롯 2/4 · itemDefId 비우면 미장착
player_wave_ship__SYSTEM,player_wave_ship,3,SYSTEM,,NPC 장비슬롯 3/4 · itemDefId 비우면 미장착
player_wave_ship__EX_01,player_wave_ship,4,EX_01,,NPC 장비슬롯 4/4 · itemDefId 비우면 미장착
Player_hunter_mk1__ARMOR,Player_hunter_mk1,1,ARMOR,,NPC 장비슬롯 1/4 · itemDefId 비우면 미장착
Player_hunter_mk1__ENGINE,Player_hunter_mk1,2,ENGINE,,NPC 장비슬롯 2/4 · itemDefId 비우면 미장착
Player_hunter_mk1__SYSTEM,Player_hunter_mk1,3,SYSTEM,,NPC 장비슬롯 3/4 · itemDefId 비우면 미장착
Player_hunter_mk1__EX_01,Player_hunter_mk1,4,EX_01,,NPC 장비슬롯 4/4 · itemDefId 비우면 미장착
Player_hunter_mk2__ARMOR,Player_hunter_mk2,1,ARMOR,,NPC 장비슬롯 1/4 · itemDefId 비우면 미장착
Player_hunter_mk2__ENGINE,Player_hunter_mk2,2,ENGINE,,NPC 장비슬롯 2/4 · itemDefId 비우면 미장착
Player_hunter_mk2__SYSTEM,Player_hunter_mk2,3,SYSTEM,,NPC 장비슬롯 3/4 · itemDefId 비우면 미장착
Player_hunter_mk2__EX_01,Player_hunter_mk2,4,EX_01,,NPC 장비슬롯 4/4 · itemDefId 비우면 미장착
Player_shadow_cruiser_mk1__ARMOR,Player_shadow_cruiser_mk1,1,ARMOR,,NPC 장비슬롯 1/4 · itemDefId 비우면 미장착
Player_shadow_cruiser_mk1__ENGINE,Player_shadow_cruiser_mk1,2,ENGINE,,NPC 장비슬롯 2/4 · itemDefId 비우면 미장착
Player_shadow_cruiser_mk1__SYSTEM,Player_shadow_cruiser_mk1,3,SYSTEM,,NPC 장비슬롯 3/4 · itemDefId 비우면 미장착
Player_shadow_cruiser_mk1__EX_01,Player_shadow_cruiser_mk1,4,EX_01,,NPC 장비슬롯 4/4 · itemDefId 비우면 미장착
Player_shadow_cruiser_mk2__ARMOR,Player_shadow_cruiser_mk2,1,ARMOR,,NPC 장비슬롯 1/4 · itemDefId 비우면 미장착
Player_shadow_cruiser_mk2__ENGINE,Player_shadow_cruiser_mk2,2,ENGINE,,NPC 장비슬롯 2/4 · itemDefId 비우면 미장착
Player_shadow_cruiser_mk2__SYSTEM,Player_shadow_cruiser_mk2,3,SYSTEM,,NPC 장비슬롯 3/4 · itemDefId 비우면 미장착
Player_shadow_cruiser_mk2__EX_01,Player_shadow_cruiser_mk2,4,EX_01,,NPC 장비슬롯 4/4 · itemDefId 비우면 미장착
Player_raptor_bc_mk1__ARMOR,Player_raptor_bc_mk1,1,ARMOR,,NPC 장비슬롯 1/4 · itemDefId 비우면 미장착
Player_raptor_bc_mk1__ENGINE,Player_raptor_bc_mk1,2,ENGINE,,NPC 장비슬롯 2/4 · itemDefId 비우면 미장착
Player_raptor_bc_mk1__SYSTEM,Player_raptor_bc_mk1,3,SYSTEM,,NPC 장비슬롯 3/4 · itemDefId 비우면 미장착
Player_raptor_bc_mk1__EX_01,Player_raptor_bc_mk1,4,EX_01,,NPC 장비슬롯 4/4 · itemDefId 비우면 미장착
Player_raptor_bc_apex__ARMOR,Player_raptor_bc_apex,1,ARMOR,,NPC 장비슬롯 1/4 · itemDefId 비우면 미장착
Player_raptor_bc_apex__ENGINE,Player_raptor_bc_apex,2,ENGINE,,NPC 장비슬롯 2/4 · itemDefId 비우면 미장착
Player_raptor_bc_apex__SYSTEM,Player_raptor_bc_apex,3,SYSTEM,,NPC 장비슬롯 3/4 · itemDefId 비우면 미장착
Player_raptor_bc_apex__EX_01,Player_raptor_bc_apex,4,EX_01,,NPC 장비슬롯 4/4 · itemDefId 비우면 미장착
Player_phantom_dreadnought_mk1__ARMOR,Player_phantom_dreadnought_mk1,1,ARMOR,,NPC 장비슬롯 1/4 · itemDefId 비우면 미장착
Player_phantom_dreadnought_mk1__ENGINE,Player_phantom_dreadnought_mk1,2,ENGINE,,NPC 장비슬롯 2/4 · itemDefId 비우면 미장착
Player_phantom_dreadnought_mk1__SYSTEM,Player_phantom_dreadnought_mk1,3,SYSTEM,,NPC 장비슬롯 3/4 · itemDefId 비우면 미장착
Player_phantom_dreadnought_mk1__EX_01,Player_phantom_dreadnought_mk1,4,EX_01,,NPC 장비슬롯 4/4 · itemDefId 비우면 미장착
Player_phantom_super_capital_mk1__ARMOR,Player_phantom_super_capital_mk1,1,ARMOR,,NPC 장비슬롯 1/4 · itemDefId 비우면 미장착
Player_phantom_super_capital_mk1__ENGINE,Player_phantom_super_capital_mk1,2,ENGINE,,NPC 장비슬롯 2/4 · itemDefId 비우면 미장착
Player_phantom_super_capital_mk1__SYSTEM,Player_phantom_super_capital_mk1,3,SYSTEM,,NPC 장비슬롯 3/4 · itemDefId 비우면 미장착
Player_phantom_super_capital_mk1__EX_01,Player_phantom_super_capital_mk1,4,EX_01,,NPC 장비슬롯 4/4 · itemDefId 비우면 미장착
Player_phantom_apex_legend_mk1__ARMOR,Player_phantom_apex_legend_mk1,1,ARMOR,,NPC 장비슬롯 1/4 · itemDefId 비우면 미장착
Player_phantom_apex_legend_mk1__ENGINE,Player_phantom_apex_legend_mk1,2,ENGINE,,NPC 장비슬롯 2/4 · itemDefId 비우면 미장착
Player_phantom_apex_legend_mk1__SYSTEM,Player_phantom_apex_legend_mk1,3,SYSTEM,,NPC 장비슬롯 3/4 · itemDefId 비우면 미장착
Player_phantom_apex_legend_mk1__EX_01,Player_phantom_apex_legend_mk1,4,EX_01,,NPC 장비슬롯 4/4 · itemDefId 비우면 미장착
npc_wave_invader_t1__ARMOR,npc_wave_invader_t1,1,ARMOR,,NPC 장비슬롯 1/4 · itemDefId 비우면 미장착
npc_wave_invader_t1__ENGINE,npc_wave_invader_t1,2,ENGINE,,NPC 장비슬롯 2/4 · itemDefId 비우면 미장착
npc_wave_invader_t1__SYSTEM,npc_wave_invader_t1,3,SYSTEM,,NPC 장비슬롯 3/4 · itemDefId 비우면 미장착
npc_wave_invader_t1__EX_01,npc_wave_invader_t1,4,EX_01,,NPC 장비슬롯 4/4 · itemDefId 비우면 미장착
npc_wave_invader_t2__ARMOR,npc_wave_invader_t2,1,ARMOR,,NPC 장비슬롯 1/4 · itemDefId 비우면 미장착
npc_wave_invader_t2__ENGINE,npc_wave_invader_t2,2,ENGINE,,NPC 장비슬롯 2/4 · itemDefId 비우면 미장착
npc_wave_invader_t2__SYSTEM,npc_wave_invader_t2,3,SYSTEM,,NPC 장비슬롯 3/4 · itemDefId 비우면 미장착
npc_wave_invader_t2__EX_01,npc_wave_invader_t2,4,EX_01,,NPC 장비슬롯 4/4 · itemDefId 비우면 미장착
npc_wave_invader_t3__ARMOR,npc_wave_invader_t3,1,ARMOR,,NPC 장비슬롯 1/4 · itemDefId 비우면 미장착
npc_wave_invader_t3__ENGINE,npc_wave_invader_t3,2,ENGINE,,NPC 장비슬롯 2/4 · itemDefId 비우면 미장착
npc_wave_invader_t3__SYSTEM,npc_wave_invader_t3,3,SYSTEM,,NPC 장비슬롯 3/4 · itemDefId 비우면 미장착
npc_wave_invader_t3__EX_01,npc_wave_invader_t3,4,EX_01,,NPC 장비슬롯 4/4 · itemDefId 비우면 미장착
npc_wave_invader_t4__ARMOR,npc_wave_invader_t4,1,ARMOR,,NPC 장비슬롯 1/4 · itemDefId 비우면 미장착
npc_wave_invader_t4__ENGINE,npc_wave_invader_t4,2,ENGINE,,NPC 장비슬롯 2/4 · itemDefId 비우면 미장착
npc_wave_invader_t4__SYSTEM,npc_wave_invader_t4,3,SYSTEM,,NPC 장비슬롯 3/4 · itemDefId 비우면 미장착
npc_wave_invader_t4__EX_01,npc_wave_invader_t4,4,EX_01,,NPC 장비슬롯 4/4 · itemDefId 비우면 미장착
npc_wave_invader_t5__ARMOR,npc_wave_invader_t5,1,ARMOR,,NPC 장비슬롯 1/4 · itemDefId 비우면 미장착
npc_wave_invader_t5__ENGINE,npc_wave_invader_t5,2,ENGINE,,NPC 장비슬롯 2/4 · itemDefId 비우면 미장착
npc_wave_invader_t5__SYSTEM,npc_wave_invader_t5,3,SYSTEM,,NPC 장비슬롯 3/4 · itemDefId 비우면 미장착
npc_wave_invader_t5__EX_01,npc_wave_invader_t5,4,EX_01,,NPC 장비슬롯 4/4 · itemDefId 비우면 미장착
npc_wave_invader_t6__ARMOR,npc_wave_invader_t6,1,ARMOR,,NPC 장비슬롯 1/4 · itemDefId 비우면 미장착
npc_wave_invader_t6__ENGINE,npc_wave_invader_t6,2,ENGINE,,NPC 장비슬롯 2/4 · itemDefId 비우면 미장착
npc_wave_invader_t6__SYSTEM,npc_wave_invader_t6,3,SYSTEM,,NPC 장비슬롯 3/4 · itemDefId 비우면 미장착
npc_wave_invader_t6__EX_01,npc_wave_invader_t6,4,EX_01,,NPC 장비슬롯 4/4 · itemDefId 비우면 미장착
npc_wave_invader_t7__ARMOR,npc_wave_invader_t7,1,ARMOR,,NPC 장비슬롯 1/4 · itemDefId 비우면 미장착
npc_wave_invader_t7__ENGINE,npc_wave_invader_t7,2,ENGINE,,NPC 장비슬롯 2/4 · itemDefId 비우면 미장착
npc_wave_invader_t7__SYSTEM,npc_wave_invader_t7,3,SYSTEM,,NPC 장비슬롯 3/4 · itemDefId 비우면 미장착
npc_wave_invader_t7__EX_01,npc_wave_invader_t7,4,EX_01,,NPC 장비슬롯 4/4 · itemDefId 비우면 미장착
npc_wave_invader_t8__ARMOR,npc_wave_invader_t8,1,ARMOR,,NPC 장비슬롯 1/4 · itemDefId 비우면 미장착
npc_wave_invader_t8__ENGINE,npc_wave_invader_t8,2,ENGINE,,NPC 장비슬롯 2/4 · itemDefId 비우면 미장착
npc_wave_invader_t8__SYSTEM,npc_wave_invader_t8,3,SYSTEM,,NPC 장비슬롯 3/4 · itemDefId 비우면 미장착
npc_wave_invader_t8__EX_01,npc_wave_invader_t8,4,EX_01,,NPC 장비슬롯 4/4 · itemDefId 비우면 미장착
npc_wave_invader_t9__ARMOR,npc_wave_invader_t9,1,ARMOR,,NPC 장비슬롯 1/4 · itemDefId 비우면 미장착
npc_wave_invader_t9__ENGINE,npc_wave_invader_t9,2,ENGINE,,NPC 장비슬롯 2/4 · itemDefId 비우면 미장착
npc_wave_invader_t9__SYSTEM,npc_wave_invader_t9,3,SYSTEM,,NPC 장비슬롯 3/4 · itemDefId 비우면 미장착
npc_wave_invader_t9__EX_01,npc_wave_invader_t9,4,EX_01,,NPC 장비슬롯 4/4 · itemDefId 비우면 미장착
npc_wave_invader_t10__ARMOR,npc_wave_invader_t10,1,ARMOR,,NPC 장비슬롯 1/4 · itemDefId 비우면 미장착
npc_wave_invader_t10__ENGINE,npc_wave_invader_t10,2,ENGINE,,NPC 장비슬롯 2/4 · itemDefId 비우면 미장착
npc_wave_invader_t10__SYSTEM,npc_wave_invader_t10,3,SYSTEM,,NPC 장비슬롯 3/4 · itemDefId 비우면 미장착
npc_wave_invader_t10__EX_01,npc_wave_invader_t10,4,EX_01,,NPC 장비슬롯 4/4 · itemDefId 비우면 미장착
npc_wave_invader_t11__ARMOR,npc_wave_invader_t11,1,ARMOR,,NPC 장비슬롯 1/4 · itemDefId 비우면 미장착
npc_wave_invader_t11__ENGINE,npc_wave_invader_t11,2,ENGINE,,NPC 장비슬롯 2/4 · itemDefId 비우면 미장착
npc_wave_invader_t11__SYSTEM,npc_wave_invader_t11,3,SYSTEM,,NPC 장비슬롯 3/4 · itemDefId 비우면 미장착
npc_wave_invader_t11__EX_01,npc_wave_invader_t11,4,EX_01,,NPC 장비슬롯 4/4 · itemDefId 비우면 미장착
npc_wave_invader_t12__ARMOR,npc_wave_invader_t12,1,ARMOR,,NPC 장비슬롯 1/4 · itemDefId 비우면 미장착
npc_wave_invader_t12__ENGINE,npc_wave_invader_t12,2,ENGINE,,NPC 장비슬롯 2/4 · itemDefId 비우면 미장착
npc_wave_invader_t12__SYSTEM,npc_wave_invader_t12,3,SYSTEM,,NPC 장비슬롯 3/4 · itemDefId 비우면 미장착
npc_wave_invader_t12__EX_01,npc_wave_invader_t12,4,EX_01,,NPC 장비슬롯 4/4 · itemDefId 비우면 미장착
npc_wave_invader_t13__ARMOR,npc_wave_invader_t13,1,ARMOR,,NPC 장비슬롯 1/4 · itemDefId 비우면 미장착
npc_wave_invader_t13__ENGINE,npc_wave_invader_t13,2,ENGINE,,NPC 장비슬롯 2/4 · itemDefId 비우면 미장착
npc_wave_invader_t13__SYSTEM,npc_wave_invader_t13,3,SYSTEM,,NPC 장비슬롯 3/4 · itemDefId 비우면 미장착
npc_wave_invader_t13__EX_01,npc_wave_invader_t13,4,EX_01,,NPC 장비슬롯 4/4 · itemDefId 비우면 미장착
npc_wave_invader_t14__ARMOR,npc_wave_invader_t14,1,ARMOR,,NPC 장비슬롯 1/4 · itemDefId 비우면 미장착
npc_wave_invader_t14__ENGINE,npc_wave_invader_t14,2,ENGINE,,NPC 장비슬롯 2/4 · itemDefId 비우면 미장착
npc_wave_invader_t14__SYSTEM,npc_wave_invader_t14,3,SYSTEM,,NPC 장비슬롯 3/4 · itemDefId 비우면 미장착
npc_wave_invader_t14__EX_01,npc_wave_invader_t14,4,EX_01,,NPC 장비슬롯 4/4 · itemDefId 비우면 미장착
npc_wave_invader_t15__ARMOR,npc_wave_invader_t15,1,ARMOR,,NPC 장비슬롯 1/4 · itemDefId 비우면 미장착
npc_wave_invader_t15__ENGINE,npc_wave_invader_t15,2,ENGINE,,NPC 장비슬롯 2/4 · itemDefId 비우면 미장착
npc_wave_invader_t15__SYSTEM,npc_wave_invader_t15,3,SYSTEM,,NPC 장비슬롯 3/4 · itemDefId 비우면 미장착
npc_wave_invader_t15__EX_01,npc_wave_invader_t15,4,EX_01,,NPC 장비슬롯 4/4 · itemDefId 비우면 미장착
npc_wave_invader_t16__ARMOR,npc_wave_invader_t16,1,ARMOR,,NPC 장비슬롯 1/4 · itemDefId 비우면 미장착
npc_wave_invader_t16__ENGINE,npc_wave_invader_t16,2,ENGINE,,NPC 장비슬롯 2/4 · itemDefId 비우면 미장착
npc_wave_invader_t16__SYSTEM,npc_wave_invader_t16,3,SYSTEM,,NPC 장비슬롯 3/4 · itemDefId 비우면 미장착
npc_wave_invader_t16__EX_01,npc_wave_invader_t16,4,EX_01,,NPC 장비슬롯 4/4 · itemDefId 비우면 미장착
npc_wave_invader_t17__ARMOR,npc_wave_invader_t17,1,ARMOR,,NPC 장비슬롯 1/4 · itemDefId 비우면 미장착
npc_wave_invader_t17__ENGINE,npc_wave_invader_t17,2,ENGINE,,NPC 장비슬롯 2/4 · itemDefId 비우면 미장착
npc_wave_invader_t17__SYSTEM,npc_wave_invader_t17,3,SYSTEM,,NPC 장비슬롯 3/4 · itemDefId 비우면 미장착
npc_wave_invader_t17__EX_01,npc_wave_invader_t17,4,EX_01,,NPC 장비슬롯 4/4 · itemDefId 비우면 미장착
npc_wave_invader_t18__ARMOR,npc_wave_invader_t18,1,ARMOR,,NPC 장비슬롯 1/4 · itemDefId 비우면 미장착
npc_wave_invader_t18__ENGINE,npc_wave_invader_t18,2,ENGINE,,NPC 장비슬롯 2/4 · itemDefId 비우면 미장착
npc_wave_invader_t18__SYSTEM,npc_wave_invader_t18,3,SYSTEM,,NPC 장비슬롯 3/4 · itemDefId 비우면 미장착
npc_wave_invader_t18__EX_01,npc_wave_invader_t18,4,EX_01,,NPC 장비슬롯 4/4 · itemDefId 비우면 미장착
npc_wave_invader_t19__ARMOR,npc_wave_invader_t19,1,ARMOR,,NPC 장비슬롯 1/4 · itemDefId 비우면 미장착
npc_wave_invader_t19__ENGINE,npc_wave_invader_t19,2,ENGINE,,NPC 장비슬롯 2/4 · itemDefId 비우면 미장착
npc_wave_invader_t19__SYSTEM,npc_wave_invader_t19,3,SYSTEM,,NPC 장비슬롯 3/4 · itemDefId 비우면 미장착
npc_wave_invader_t19__EX_01,npc_wave_invader_t19,4,EX_01,,NPC 장비슬롯 4/4 · itemDefId 비우면 미장착
npc_wave_invader_t20__ARMOR,npc_wave_invader_t20,1,ARMOR,,NPC 장비슬롯 1/4 · itemDefId 비우면 미장착
npc_wave_invader_t20__ENGINE,npc_wave_invader_t20,2,ENGINE,,NPC 장비슬롯 2/4 · itemDefId 비우면 미장착
npc_wave_invader_t20__SYSTEM,npc_wave_invader_t20,3,SYSTEM,,NPC 장비슬롯 3/4 · itemDefId 비우면 미장착
npc_wave_invader_t20__EX_01,npc_wave_invader_t20,4,EX_01,,NPC 장비슬롯 4/4 · itemDefId 비우면 미장착
npc_wave_invader_t21__ARMOR,npc_wave_invader_t21,1,ARMOR,,NPC 장비슬롯 1/4 · itemDefId 비우면 미장착
npc_wave_invader_t21__ENGINE,npc_wave_invader_t21,2,ENGINE,,NPC 장비슬롯 2/4 · itemDefId 비우면 미장착
npc_wave_invader_t21__SYSTEM,npc_wave_invader_t21,3,SYSTEM,,NPC 장비슬롯 3/4 · itemDefId 비우면 미장착
npc_wave_invader_t21__EX_01,npc_wave_invader_t21,4,EX_01,,NPC 장비슬롯 4/4 · itemDefId 비우면 미장착
npc_wave_invader_t22__ARMOR,npc_wave_invader_t22,1,ARMOR,,NPC 장비슬롯 1/4 · itemDefId 비우면 미장착
npc_wave_invader_t22__ENGINE,npc_wave_invader_t22,2,ENGINE,,NPC 장비슬롯 2/4 · itemDefId 비우면 미장착
npc_wave_invader_t22__SYSTEM,npc_wave_invader_t22,3,SYSTEM,,NPC 장비슬롯 3/4 · itemDefId 비우면 미장착
npc_wave_invader_t22__EX_01,npc_wave_invader_t22,4,EX_01,,NPC 장비슬롯 4/4 · itemDefId 비우면 미장착
npc_wave_invader_t23__ARMOR,npc_wave_invader_t23,1,ARMOR,,NPC 장비슬롯 1/4 · itemDefId 비우면 미장착
npc_wave_invader_t23__ENGINE,npc_wave_invader_t23,2,ENGINE,,NPC 장비슬롯 2/4 · itemDefId 비우면 미장착
npc_wave_invader_t23__SYSTEM,npc_wave_invader_t23,3,SYSTEM,,NPC 장비슬롯 3/4 · itemDefId 비우면 미장착
npc_wave_invader_t23__EX_01,npc_wave_invader_t23,4,EX_01,,NPC 장비슬롯 4/4 · itemDefId 비우면 미장착
npc_wave_invader_t24__ARMOR,npc_wave_invader_t24,1,ARMOR,,NPC 장비슬롯 1/4 · itemDefId 비우면 미장착
npc_wave_invader_t24__ENGINE,npc_wave_invader_t24,2,ENGINE,,NPC 장비슬롯 2/4 · itemDefId 비우면 미장착
npc_wave_invader_t24__SYSTEM,npc_wave_invader_t24,3,SYSTEM,,NPC 장비슬롯 3/4 · itemDefId 비우면 미장착
npc_wave_invader_t24__EX_01,npc_wave_invader_t24,4,EX_01,,NPC 장비슬롯 4/4 · itemDefId 비우면 미장착
npc_wave_invader_t25__ARMOR,npc_wave_invader_t25,1,ARMOR,,NPC 장비슬롯 1/4 · itemDefId 비우면 미장착
npc_wave_invader_t25__ENGINE,npc_wave_invader_t25,2,ENGINE,,NPC 장비슬롯 2/4 · itemDefId 비우면 미장착
npc_wave_invader_t25__SYSTEM,npc_wave_invader_t25,3,SYSTEM,,NPC 장비슬롯 3/4 · itemDefId 비우면 미장착
npc_wave_invader_t25__EX_01,npc_wave_invader_t25,4,EX_01,,NPC 장비슬롯 4/4 · itemDefId 비우면 미장착
npc_wave_invader_t26__ARMOR,npc_wave_invader_t26,1,ARMOR,,NPC 장비슬롯 1/4 · itemDefId 비우면 미장착
npc_wave_invader_t26__ENGINE,npc_wave_invader_t26,2,ENGINE,,NPC 장비슬롯 2/4 · itemDefId 비우면 미장착
npc_wave_invader_t26__SYSTEM,npc_wave_invader_t26,3,SYSTEM,,NPC 장비슬롯 3/4 · itemDefId 비우면 미장착
npc_wave_invader_t26__EX_01,npc_wave_invader_t26,4,EX_01,,NPC 장비슬롯 4/4 · itemDefId 비우면 미장착
npc_wave_invader_t27__ARMOR,npc_wave_invader_t27,1,ARMOR,,NPC 장비슬롯 1/4 · itemDefId 비우면 미장착
npc_wave_invader_t27__ENGINE,npc_wave_invader_t27,2,ENGINE,,NPC 장비슬롯 2/4 · itemDefId 비우면 미장착
npc_wave_invader_t27__SYSTEM,npc_wave_invader_t27,3,SYSTEM,,NPC 장비슬롯 3/4 · itemDefId 비우면 미장착
npc_wave_invader_t27__EX_01,npc_wave_invader_t27,4,EX_01,,NPC 장비슬롯 4/4 · itemDefId 비우면 미장착
npc_wave_invader_t28__ARMOR,npc_wave_invader_t28,1,ARMOR,,NPC 장비슬롯 1/4 · itemDefId 비우면 미장착
npc_wave_invader_t28__ENGINE,npc_wave_invader_t28,2,ENGINE,,NPC 장비슬롯 2/4 · itemDefId 비우면 미장착
npc_wave_invader_t28__SYSTEM,npc_wave_invader_t28,3,SYSTEM,,NPC 장비슬롯 3/4 · itemDefId 비우면 미장착
npc_wave_invader_t28__EX_01,npc_wave_invader_t28,4,EX_01,,NPC 장비슬롯 4/4 · itemDefId 비우면 미장착
npc_wave_invader_t29__ARMOR,npc_wave_invader_t29,1,ARMOR,,NPC 장비슬롯 1/4 · itemDefId 비우면 미장착
npc_wave_invader_t29__ENGINE,npc_wave_invader_t29,2,ENGINE,,NPC 장비슬롯 2/4 · itemDefId 비우면 미장착
npc_wave_invader_t29__SYSTEM,npc_wave_invader_t29,3,SYSTEM,,NPC 장비슬롯 3/4 · itemDefId 비우면 미장착
npc_wave_invader_t29__EX_01,npc_wave_invader_t29,4,EX_01,,NPC 장비슬롯 4/4 · itemDefId 비우면 미장착
npc_wave_invader_t30__ARMOR,npc_wave_invader_t30,1,ARMOR,,NPC 장비슬롯 1/4 · itemDefId 비우면 미장착
npc_wave_invader_t30__ENGINE,npc_wave_invader_t30,2,ENGINE,,NPC 장비슬롯 2/4 · itemDefId 비우면 미장착
npc_wave_invader_t30__SYSTEM,npc_wave_invader_t30,3,SYSTEM,,NPC 장비슬롯 3/4 · itemDefId 비우면 미장착
npc_wave_invader_t30__EX_01,npc_wave_invader_t30,4,EX_01,,NPC 장비슬롯 4/4 · itemDefId 비우면 미장착
npc_enemy_arcadia_01__ARMOR,npc_enemy_arcadia_01,1,ARMOR,,NPC 장비슬롯 1/4 · itemDefId 비우면 미장착
npc_enemy_arcadia_01__ENGINE,npc_enemy_arcadia_01,2,ENGINE,,NPC 장비슬롯 2/4 · itemDefId 비우면 미장착
npc_enemy_arcadia_01__SYSTEM,npc_enemy_arcadia_01,3,SYSTEM,,NPC 장비슬롯 3/4 · itemDefId 비우면 미장착
npc_enemy_arcadia_01__EX_01,npc_enemy_arcadia_01,4,EX_01,,NPC 장비슬롯 4/4 · itemDefId 비우면 미장착
npc_enemy_arcadia_02__ARMOR,npc_enemy_arcadia_02,1,ARMOR,,NPC 장비슬롯 1/4 · itemDefId 비우면 미장착
npc_enemy_arcadia_02__ENGINE,npc_enemy_arcadia_02,2,ENGINE,,NPC 장비슬롯 2/4 · itemDefId 비우면 미장착
npc_enemy_arcadia_02__SYSTEM,npc_enemy_arcadia_02,3,SYSTEM,,NPC 장비슬롯 3/4 · itemDefId 비우면 미장착
npc_enemy_arcadia_02__EX_01,npc_enemy_arcadia_02,4,EX_01,,NPC 장비슬롯 4/4 · itemDefId 비우면 미장착
npc_enemy_arcadia_03__ARMOR,npc_enemy_arcadia_03,1,ARMOR,,NPC 장비슬롯 1/4 · itemDefId 비우면 미장착
npc_enemy_arcadia_03__ENGINE,npc_enemy_arcadia_03,2,ENGINE,,NPC 장비슬롯 2/4 · itemDefId 비우면 미장착
npc_enemy_arcadia_03__SYSTEM,npc_enemy_arcadia_03,3,SYSTEM,,NPC 장비슬롯 3/4 · itemDefId 비우면 미장착
npc_enemy_arcadia_03__EX_01,npc_enemy_arcadia_03,4,EX_01,,NPC 장비슬롯 4/4 · itemDefId 비우면 미장착
npc_enemy_draco_01__ARMOR,npc_enemy_draco_01,1,ARMOR,,NPC 장비슬롯 1/4 · itemDefId 비우면 미장착
npc_enemy_draco_01__ENGINE,npc_enemy_draco_01,2,ENGINE,,NPC 장비슬롯 2/4 · itemDefId 비우면 미장착
npc_enemy_draco_01__SYSTEM,npc_enemy_draco_01,3,SYSTEM,,NPC 장비슬롯 3/4 · itemDefId 비우면 미장착
npc_enemy_draco_01__EX_01,npc_enemy_draco_01,4,EX_01,,NPC 장비슬롯 4/4 · itemDefId 비우면 미장착
npc_enemy_draco_02__ARMOR,npc_enemy_draco_02,1,ARMOR,,NPC 장비슬롯 1/4 · itemDefId 비우면 미장착
npc_enemy_draco_02__ENGINE,npc_enemy_draco_02,2,ENGINE,,NPC 장비슬롯 2/4 · itemDefId 비우면 미장착
npc_enemy_draco_02__SYSTEM,npc_enemy_draco_02,3,SYSTEM,,NPC 장비슬롯 3/4 · itemDefId 비우면 미장착
npc_enemy_draco_02__EX_01,npc_enemy_draco_02,4,EX_01,,NPC 장비슬롯 4/4 · itemDefId 비우면 미장착
npc_enemy_solar_01__ARMOR,npc_enemy_solar_01,1,ARMOR,,NPC 장비슬롯 1/4 · itemDefId 비우면 미장착
npc_enemy_solar_01__ENGINE,npc_enemy_solar_01,2,ENGINE,,NPC 장비슬롯 2/4 · itemDefId 비우면 미장착
npc_enemy_solar_01__SYSTEM,npc_enemy_solar_01,3,SYSTEM,,NPC 장비슬롯 3/4 · itemDefId 비우면 미장착
npc_enemy_solar_01__EX_01,npc_enemy_solar_01,4,EX_01,,NPC 장비슬롯 4/4 · itemDefId 비우면 미장착
npc_enemy_draco_03__ARMOR,npc_enemy_draco_03,1,ARMOR,,NPC 장비슬롯 1/4 · itemDefId 비우면 미장착
npc_enemy_draco_03__ENGINE,npc_enemy_draco_03,2,ENGINE,,NPC 장비슬롯 2/4 · itemDefId 비우면 미장착
npc_enemy_draco_03__SYSTEM,npc_enemy_draco_03,3,SYSTEM,,NPC 장비슬롯 3/4 · itemDefId 비우면 미장착
npc_enemy_draco_03__EX_01,npc_enemy_draco_03,4,EX_01,,NPC 장비슬롯 4/4 · itemDefId 비우면 미장착
npc_enemy_minerva_01__ARMOR,npc_enemy_minerva_01,1,ARMOR,,NPC 장비슬롯 1/4 · itemDefId 비우면 미장착
npc_enemy_minerva_01__ENGINE,npc_enemy_minerva_01,2,ENGINE,,NPC 장비슬롯 2/4 · itemDefId 비우면 미장착
npc_enemy_minerva_01__SYSTEM,npc_enemy_minerva_01,3,SYSTEM,,NPC 장비슬롯 3/4 · itemDefId 비우면 미장착
npc_enemy_minerva_01__EX_01,npc_enemy_minerva_01,4,EX_01,,NPC 장비슬롯 4/4 · itemDefId 비우면 미장착
npc_enemy_vega_01__ARMOR,npc_enemy_vega_01,1,ARMOR,,NPC 장비슬롯 1/4 · itemDefId 비우면 미장착
npc_enemy_vega_01__ENGINE,npc_enemy_vega_01,2,ENGINE,,NPC 장비슬롯 2/4 · itemDefId 비우면 미장착
npc_enemy_vega_01__SYSTEM,npc_enemy_vega_01,3,SYSTEM,,NPC 장비슬롯 3/4 · itemDefId 비우면 미장착
npc_enemy_vega_01__EX_01,npc_enemy_vega_01,4,EX_01,,NPC 장비슬롯 4/4 · itemDefId 비우면 미장착
npc_enemy_eden_01__ARMOR,npc_enemy_eden_01,1,ARMOR,,NPC 장비슬롯 1/4 · itemDefId 비우면 미장착
npc_enemy_eden_01__ENGINE,npc_enemy_eden_01,2,ENGINE,,NPC 장비슬롯 2/4 · itemDefId 비우면 미장착
npc_enemy_eden_01__SYSTEM,npc_enemy_eden_01,3,SYSTEM,,NPC 장비슬롯 3/4 · itemDefId 비우면 미장착
npc_enemy_eden_01__EX_01,npc_enemy_eden_01,4,EX_01,,NPC 장비슬롯 4/4 · itemDefId 비우면 미장착
npc_blue_fleet_2__ARMOR,npc_blue_fleet_2,1,ARMOR,,NPC 장비슬롯 1/4 · itemDefId 비우면 미장착
npc_blue_fleet_2__ENGINE,npc_blue_fleet_2,2,ENGINE,,NPC 장비슬롯 2/4 · itemDefId 비우면 미장착
npc_blue_fleet_2__SYSTEM,npc_blue_fleet_2,3,SYSTEM,,NPC 장비슬롯 3/4 · itemDefId 비우면 미장착
npc_blue_fleet_2__EX_01,npc_blue_fleet_2,4,EX_01,,NPC 장비슬롯 4/4 · itemDefId 비우면 미장착
npc_enemy_iron_01__ARMOR,npc_enemy_iron_01,1,ARMOR,,NPC 장비슬롯 1/4 · itemDefId 비우면 미장착
npc_enemy_iron_01__ENGINE,npc_enemy_iron_01,2,ENGINE,,NPC 장비슬롯 2/4 · itemDefId 비우면 미장착
npc_enemy_iron_01__SYSTEM,npc_enemy_iron_01,3,SYSTEM,,NPC 장비슬롯 3/4 · itemDefId 비우면 미장착
npc_enemy_iron_01__EX_01,npc_enemy_iron_01,4,EX_01,,NPC 장비슬롯 4/4 · itemDefId 비우면 미장착
npc_enemy_iron_02__ARMOR,npc_enemy_iron_02,1,ARMOR,,NPC 장비슬롯 1/4 · itemDefId 비우면 미장착
npc_enemy_iron_02__ENGINE,npc_enemy_iron_02,2,ENGINE,,NPC 장비슬롯 2/4 · itemDefId 비우면 미장착
npc_enemy_iron_02__SYSTEM,npc_enemy_iron_02,3,SYSTEM,,NPC 장비슬롯 3/4 · itemDefId 비우면 미장착
npc_enemy_iron_02__EX_01,npc_enemy_iron_02,4,EX_01,,NPC 장비슬롯 4/4 · itemDefId 비우면 미장착
npc_enemy_iron_03__ARMOR,npc_enemy_iron_03,1,ARMOR,,NPC 장비슬롯 1/4 · itemDefId 비우면 미장착
npc_enemy_iron_03__ENGINE,npc_enemy_iron_03,2,ENGINE,,NPC 장비슬롯 2/4 · itemDefId 비우면 미장착
npc_enemy_iron_03__SYSTEM,npc_enemy_iron_03,3,SYSTEM,,NPC 장비슬롯 3/4 · itemDefId 비우면 미장착
npc_enemy_iron_03__EX_01,npc_enemy_iron_03,4,EX_01,,NPC 장비슬롯 4/4 · itemDefId 비우면 미장착
npc_blue_fleet_3__ARMOR,npc_blue_fleet_3,1,ARMOR,,NPC 장비슬롯 1/4 · itemDefId 비우면 미장착
npc_blue_fleet_3__ENGINE,npc_blue_fleet_3,2,ENGINE,,NPC 장비슬롯 2/4 · itemDefId 비우면 미장착
npc_blue_fleet_3__SYSTEM,npc_blue_fleet_3,3,SYSTEM,,NPC 장비슬롯 3/4 · itemDefId 비우면 미장착
npc_blue_fleet_3__EX_01,npc_blue_fleet_3,4,EX_01,,NPC 장비슬롯 4/4 · itemDefId 비우면 미장착
npc_ai_clan_pvp_flagship__ARMOR,npc_ai_clan_pvp_flagship,1,ARMOR,,NPC 장비슬롯 1/4 · itemDefId 비우면 미장착
npc_ai_clan_pvp_flagship__ENGINE,npc_ai_clan_pvp_flagship,2,ENGINE,,NPC 장비슬롯 2/4 · itemDefId 비우면 미장착
npc_ai_clan_pvp_flagship__SYSTEM,npc_ai_clan_pvp_flagship,3,SYSTEM,,NPC 장비슬롯 3/4 · itemDefId 비우면 미장착
npc_ai_clan_pvp_flagship__EX_01,npc_ai_clan_pvp_flagship,4,EX_01,,NPC 장비슬롯 4/4 · itemDefId 비우면 미장착
npc_red_fleet_3__ARMOR,npc_red_fleet_3,1,ARMOR,,NPC 장비슬롯 1/4 · itemDefId 비우면 미장착
npc_red_fleet_3__ENGINE,npc_red_fleet_3,2,ENGINE,,NPC 장비슬롯 2/4 · itemDefId 비우면 미장착
npc_red_fleet_3__SYSTEM,npc_red_fleet_3,3,SYSTEM,,NPC 장비슬롯 3/4 · itemDefId 비우면 미장착
npc_red_fleet_3__EX_01,npc_red_fleet_3,4,EX_01,,NPC 장비슬롯 4/4 · itemDefId 비우면 미장착
npc_mock_ai_ship_15__ARMOR,npc_mock_ai_ship_15,1,ARMOR,,NPC 장비슬롯 1/4 · itemDefId 비우면 미장착
npc_mock_ai_ship_15__ENGINE,npc_mock_ai_ship_15,2,ENGINE,,NPC 장비슬롯 2/4 · itemDefId 비우면 미장착
npc_mock_ai_ship_15__SYSTEM,npc_mock_ai_ship_15,3,SYSTEM,,NPC 장비슬롯 3/4 · itemDefId 비우면 미장착
npc_mock_ai_ship_15__EX_01,npc_mock_ai_ship_15,4,EX_01,,NPC 장비슬롯 4/4 · itemDefId 비우면 미장착
npc_mock_ai_ship_04__ARMOR,npc_mock_ai_ship_04,1,ARMOR,,NPC 장비슬롯 1/4 · itemDefId 비우면 미장착
npc_mock_ai_ship_04__ENGINE,npc_mock_ai_ship_04,2,ENGINE,,NPC 장비슬롯 2/4 · itemDefId 비우면 미장착
npc_mock_ai_ship_04__SYSTEM,npc_mock_ai_ship_04,3,SYSTEM,,NPC 장비슬롯 3/4 · itemDefId 비우면 미장착
npc_mock_ai_ship_04__EX_01,npc_mock_ai_ship_04,4,EX_01,,NPC 장비슬롯 4/4 · itemDefId 비우면 미장착
npc_mock_ai_ship_11__ARMOR,npc_mock_ai_ship_11,1,ARMOR,,NPC 장비슬롯 1/4 · itemDefId 비우면 미장착
npc_mock_ai_ship_11__ENGINE,npc_mock_ai_ship_11,2,ENGINE,,NPC 장비슬롯 2/4 · itemDefId 비우면 미장착
npc_mock_ai_ship_11__SYSTEM,npc_mock_ai_ship_11,3,SYSTEM,,NPC 장비슬롯 3/4 · itemDefId 비우면 미장착
npc_mock_ai_ship_11__EX_01,npc_mock_ai_ship_11,4,EX_01,,NPC 장비슬롯 4/4 · itemDefId 비우면 미장착
npc_enemy_omega_01__ARMOR,npc_enemy_omega_01,1,ARMOR,,NPC 장비슬롯 1/4 · itemDefId 비우면 미장착
npc_enemy_omega_01__ENGINE,npc_enemy_omega_01,2,ENGINE,,NPC 장비슬롯 2/4 · itemDefId 비우면 미장착
npc_enemy_omega_01__SYSTEM,npc_enemy_omega_01,3,SYSTEM,,NPC 장비슬롯 3/4 · itemDefId 비우면 미장착
npc_enemy_omega_01__EX_01,npc_enemy_omega_01,4,EX_01,,NPC 장비슬롯 4/4 · itemDefId 비우면 미장착
npc_enemy_omega_02__ARMOR,npc_enemy_omega_02,1,ARMOR,,NPC 장비슬롯 1/4 · itemDefId 비우면 미장착
npc_enemy_omega_02__ENGINE,npc_enemy_omega_02,2,ENGINE,,NPC 장비슬롯 2/4 · itemDefId 비우면 미장착
npc_enemy_omega_02__SYSTEM,npc_enemy_omega_02,3,SYSTEM,,NPC 장비슬롯 3/4 · itemDefId 비우면 미장착
npc_enemy_omega_02__EX_01,npc_enemy_omega_02,4,EX_01,,NPC 장비슬롯 4/4 · itemDefId 비우면 미장착
npc_enemy_omega_03__ARMOR,npc_enemy_omega_03,1,ARMOR,,NPC 장비슬롯 1/4 · itemDefId 비우면 미장착
npc_enemy_omega_03__ENGINE,npc_enemy_omega_03,2,ENGINE,,NPC 장비슬롯 2/4 · itemDefId 비우면 미장착
npc_enemy_omega_03__SYSTEM,npc_enemy_omega_03,3,SYSTEM,,NPC 장비슬롯 3/4 · itemDefId 비우면 미장착
npc_enemy_omega_03__EX_01,npc_enemy_omega_03,4,EX_01,,NPC 장비슬롯 4/4 · itemDefId 비우면 미장착
npc_enemy_helios_01__ARMOR,npc_enemy_helios_01,1,ARMOR,,NPC 장비슬롯 1/4 · itemDefId 비우면 미장착
npc_enemy_helios_01__ENGINE,npc_enemy_helios_01,2,ENGINE,,NPC 장비슬롯 2/4 · itemDefId 비우면 미장착
npc_enemy_helios_01__SYSTEM,npc_enemy_helios_01,3,SYSTEM,,NPC 장비슬롯 3/4 · itemDefId 비우면 미장착
npc_enemy_helios_01__EX_01,npc_enemy_helios_01,4,EX_01,,NPC 장비슬롯 4/4 · itemDefId 비우면 미장착
npc_enemy_helios_02__ARMOR,npc_enemy_helios_02,1,ARMOR,,NPC 장비슬롯 1/4 · itemDefId 비우면 미장착
npc_enemy_helios_02__ENGINE,npc_enemy_helios_02,2,ENGINE,,NPC 장비슬롯 2/4 · itemDefId 비우면 미장착
npc_enemy_helios_02__SYSTEM,npc_enemy_helios_02,3,SYSTEM,,NPC 장비슬롯 3/4 · itemDefId 비우면 미장착
npc_enemy_helios_02__EX_01,npc_enemy_helios_02,4,EX_01,,NPC 장비슬롯 4/4 · itemDefId 비우면 미장착
npc_enemy_helios_03__ARMOR,npc_enemy_helios_03,1,ARMOR,,NPC 장비슬롯 1/4 · itemDefId 비우면 미장착
npc_enemy_helios_03__ENGINE,npc_enemy_helios_03,2,ENGINE,,NPC 장비슬롯 2/4 · itemDefId 비우면 미장착
npc_enemy_helios_03__SYSTEM,npc_enemy_helios_03,3,SYSTEM,,NPC 장비슬롯 3/4 · itemDefId 비우면 미장착
npc_enemy_helios_03__EX_01,npc_enemy_helios_03,4,EX_01,,NPC 장비슬롯 4/4 · itemDefId 비우면 미장착
npc_blue_fleet_1__ARMOR,npc_blue_fleet_1,1,ARMOR,,NPC 장비슬롯 1/4 · itemDefId 비우면 미장착
npc_blue_fleet_1__ENGINE,npc_blue_fleet_1,2,ENGINE,,NPC 장비슬롯 2/4 · itemDefId 비우면 미장착
npc_blue_fleet_1__SYSTEM,npc_blue_fleet_1,3,SYSTEM,,NPC 장비슬롯 3/4 · itemDefId 비우면 미장착
npc_blue_fleet_1__EX_01,npc_blue_fleet_1,4,EX_01,,NPC 장비슬롯 4/4 · itemDefId 비우면 미장착
npc_vega_blue_10__ARMOR,npc_vega_blue_10,1,ARMOR,,NPC 장비슬롯 1/4 · itemDefId 비우면 미장착
npc_vega_blue_10__ENGINE,npc_vega_blue_10,2,ENGINE,,NPC 장비슬롯 2/4 · itemDefId 비우면 미장착
npc_vega_blue_10__SYSTEM,npc_vega_blue_10,3,SYSTEM,,NPC 장비슬롯 3/4 · itemDefId 비우면 미장착
npc_vega_blue_10__EX_01,npc_vega_blue_10,4,EX_01,,NPC 장비슬롯 4/4 · itemDefId 비우면 미장착
npc_mock_ai_ship_10__ARMOR,npc_mock_ai_ship_10,1,ARMOR,,NPC 장비슬롯 1/4 · itemDefId 비우면 미장착
npc_mock_ai_ship_10__ENGINE,npc_mock_ai_ship_10,2,ENGINE,,NPC 장비슬롯 2/4 · itemDefId 비우면 미장착
npc_mock_ai_ship_10__SYSTEM,npc_mock_ai_ship_10,3,SYSTEM,,NPC 장비슬롯 3/4 · itemDefId 비우면 미장착
npc_mock_ai_ship_10__EX_01,npc_mock_ai_ship_10,4,EX_01,,NPC 장비슬롯 4/4 · itemDefId 비우면 미장착
npc_mock_ai_ship_16__ARMOR,npc_mock_ai_ship_16,1,ARMOR,,NPC 장비슬롯 1/4 · itemDefId 비우면 미장착
npc_mock_ai_ship_16__ENGINE,npc_mock_ai_ship_16,2,ENGINE,,NPC 장비슬롯 2/4 · itemDefId 비우면 미장착
npc_mock_ai_ship_16__SYSTEM,npc_mock_ai_ship_16,3,SYSTEM,,NPC 장비슬롯 3/4 · itemDefId 비우면 미장착
npc_mock_ai_ship_16__EX_01,npc_mock_ai_ship_16,4,EX_01,,NPC 장비슬롯 4/4 · itemDefId 비우면 미장착
npc_mock_ai_ship_09__ARMOR,npc_mock_ai_ship_09,1,ARMOR,,NPC 장비슬롯 1/4 · itemDefId 비우면 미장착
npc_mock_ai_ship_09__ENGINE,npc_mock_ai_ship_09,2,ENGINE,,NPC 장비슬롯 2/4 · itemDefId 비우면 미장착
npc_mock_ai_ship_09__SYSTEM,npc_mock_ai_ship_09,3,SYSTEM,,NPC 장비슬롯 3/4 · itemDefId 비우면 미장착
npc_mock_ai_ship_09__EX_01,npc_mock_ai_ship_09,4,EX_01,,NPC 장비슬롯 4/4 · itemDefId 비우면 미장착
npc_mock_ai_ship_19__ARMOR,npc_mock_ai_ship_19,1,ARMOR,,NPC 장비슬롯 1/4 · itemDefId 비우면 미장착
npc_mock_ai_ship_19__ENGINE,npc_mock_ai_ship_19,2,ENGINE,,NPC 장비슬롯 2/4 · itemDefId 비우면 미장착
npc_mock_ai_ship_19__SYSTEM,npc_mock_ai_ship_19,3,SYSTEM,,NPC 장비슬롯 3/4 · itemDefId 비우면 미장착
npc_mock_ai_ship_19__EX_01,npc_mock_ai_ship_19,4,EX_01,,NPC 장비슬롯 4/4 · itemDefId 비우면 미장착
npc_blue_fleet_4__ARMOR,npc_blue_fleet_4,1,ARMOR,,NPC 장비슬롯 1/4 · itemDefId 비우면 미장착
npc_blue_fleet_4__ENGINE,npc_blue_fleet_4,2,ENGINE,,NPC 장비슬롯 2/4 · itemDefId 비우면 미장착
npc_blue_fleet_4__SYSTEM,npc_blue_fleet_4,3,SYSTEM,,NPC 장비슬롯 3/4 · itemDefId 비우면 미장착
npc_blue_fleet_4__EX_01,npc_blue_fleet_4,4,EX_01,,NPC 장비슬롯 4/4 · itemDefId 비우면 미장착
npc_mock_ai_ship_06__ARMOR,npc_mock_ai_ship_06,1,ARMOR,,NPC 장비슬롯 1/4 · itemDefId 비우면 미장착
npc_mock_ai_ship_06__ENGINE,npc_mock_ai_ship_06,2,ENGINE,,NPC 장비슬롯 2/4 · itemDefId 비우면 미장착
npc_mock_ai_ship_06__SYSTEM,npc_mock_ai_ship_06,3,SYSTEM,,NPC 장비슬롯 3/4 · itemDefId 비우면 미장착
npc_mock_ai_ship_06__EX_01,npc_mock_ai_ship_06,4,EX_01,,NPC 장비슬롯 4/4 · itemDefId 비우면 미장착
npc_mock_ai_ship_14__ARMOR,npc_mock_ai_ship_14,1,ARMOR,,NPC 장비슬롯 1/4 · itemDefId 비우면 미장착
npc_mock_ai_ship_14__ENGINE,npc_mock_ai_ship_14,2,ENGINE,,NPC 장비슬롯 2/4 · itemDefId 비우면 미장착
npc_mock_ai_ship_14__SYSTEM,npc_mock_ai_ship_14,3,SYSTEM,,NPC 장비슬롯 3/4 · itemDefId 비우면 미장착
npc_mock_ai_ship_14__EX_01,npc_mock_ai_ship_14,4,EX_01,,NPC 장비슬롯 4/4 · itemDefId 비우면 미장착
npc_mock_ai_ship_18__ARMOR,npc_mock_ai_ship_18,1,ARMOR,,NPC 장비슬롯 1/4 · itemDefId 비우면 미장착
npc_mock_ai_ship_18__ENGINE,npc_mock_ai_ship_18,2,ENGINE,,NPC 장비슬롯 2/4 · itemDefId 비우면 미장착
npc_mock_ai_ship_18__SYSTEM,npc_mock_ai_ship_18,3,SYSTEM,,NPC 장비슬롯 3/4 · itemDefId 비우면 미장착
npc_mock_ai_ship_18__EX_01,npc_mock_ai_ship_18,4,EX_01,,NPC 장비슬롯 4/4 · itemDefId 비우면 미장착
npc_mock_ai_ship_07__ARMOR,npc_mock_ai_ship_07,1,ARMOR,,NPC 장비슬롯 1/4 · itemDefId 비우면 미장착
npc_mock_ai_ship_07__ENGINE,npc_mock_ai_ship_07,2,ENGINE,,NPC 장비슬롯 2/4 · itemDefId 비우면 미장착
npc_mock_ai_ship_07__SYSTEM,npc_mock_ai_ship_07,3,SYSTEM,,NPC 장비슬롯 3/4 · itemDefId 비우면 미장착
npc_mock_ai_ship_07__EX_01,npc_mock_ai_ship_07,4,EX_01,,NPC 장비슬롯 4/4 · itemDefId 비우면 미장착
npc_vega_blue_11__ARMOR,npc_vega_blue_11,1,ARMOR,,NPC 장비슬롯 1/4 · itemDefId 비우면 미장착
npc_vega_blue_11__ENGINE,npc_vega_blue_11,2,ENGINE,,NPC 장비슬롯 2/4 · itemDefId 비우면 미장착
npc_vega_blue_11__SYSTEM,npc_vega_blue_11,3,SYSTEM,,NPC 장비슬롯 3/4 · itemDefId 비우면 미장착
npc_vega_blue_11__EX_01,npc_vega_blue_11,4,EX_01,,NPC 장비슬롯 4/4 · itemDefId 비우면 미장착
npc_vega_blue_7__ARMOR,npc_vega_blue_7,1,ARMOR,,NPC 장비슬롯 1/4 · itemDefId 비우면 미장착
npc_vega_blue_7__ENGINE,npc_vega_blue_7,2,ENGINE,,NPC 장비슬롯 2/4 · itemDefId 비우면 미장착
npc_vega_blue_7__SYSTEM,npc_vega_blue_7,3,SYSTEM,,NPC 장비슬롯 3/4 · itemDefId 비우면 미장착
npc_vega_blue_7__EX_01,npc_vega_blue_7,4,EX_01,,NPC 장비슬롯 4/4 · itemDefId 비우면 미장착
npc_mock_ai_ship_01__ARMOR,npc_mock_ai_ship_01,1,ARMOR,,NPC 장비슬롯 1/4 · itemDefId 비우면 미장착
npc_mock_ai_ship_01__ENGINE,npc_mock_ai_ship_01,2,ENGINE,,NPC 장비슬롯 2/4 · itemDefId 비우면 미장착
npc_mock_ai_ship_01__SYSTEM,npc_mock_ai_ship_01,3,SYSTEM,,NPC 장비슬롯 3/4 · itemDefId 비우면 미장착
npc_mock_ai_ship_01__EX_01,npc_mock_ai_ship_01,4,EX_01,,NPC 장비슬롯 4/4 · itemDefId 비우면 미장착
npc_red_fleet_2__ARMOR,npc_red_fleet_2,1,ARMOR,,NPC 장비슬롯 1/4 · itemDefId 비우면 미장착
npc_red_fleet_2__ENGINE,npc_red_fleet_2,2,ENGINE,,NPC 장비슬롯 2/4 · itemDefId 비우면 미장착
npc_red_fleet_2__SYSTEM,npc_red_fleet_2,3,SYSTEM,,NPC 장비슬롯 3/4 · itemDefId 비우면 미장착
npc_red_fleet_2__EX_01,npc_red_fleet_2,4,EX_01,,NPC 장비슬롯 4/4 · itemDefId 비우면 미장착
npc_vega_blue_8__ARMOR,npc_vega_blue_8,1,ARMOR,,NPC 장비슬롯 1/4 · itemDefId 비우면 미장착
npc_vega_blue_8__ENGINE,npc_vega_blue_8,2,ENGINE,,NPC 장비슬롯 2/4 · itemDefId 비우면 미장착
npc_vega_blue_8__SYSTEM,npc_vega_blue_8,3,SYSTEM,,NPC 장비슬롯 3/4 · itemDefId 비우면 미장착
npc_vega_blue_8__EX_01,npc_vega_blue_8,4,EX_01,,NPC 장비슬롯 4/4 · itemDefId 비우면 미장착
npc_neweden_blue_7__ARMOR,npc_neweden_blue_7,1,ARMOR,,NPC 장비슬롯 1/4 · itemDefId 비우면 미장착
npc_neweden_blue_7__ENGINE,npc_neweden_blue_7,2,ENGINE,,NPC 장비슬롯 2/4 · itemDefId 비우면 미장착
npc_neweden_blue_7__SYSTEM,npc_neweden_blue_7,3,SYSTEM,,NPC 장비슬롯 3/4 · itemDefId 비우면 미장착
npc_neweden_blue_7__EX_01,npc_neweden_blue_7,4,EX_01,,NPC 장비슬롯 4/4 · itemDefId 비우면 미장착
npc_mock_ai_ship_02__ARMOR,npc_mock_ai_ship_02,1,ARMOR,,NPC 장비슬롯 1/4 · itemDefId 비우면 미장착
npc_mock_ai_ship_02__ENGINE,npc_mock_ai_ship_02,2,ENGINE,,NPC 장비슬롯 2/4 · itemDefId 비우면 미장착
npc_mock_ai_ship_02__SYSTEM,npc_mock_ai_ship_02,3,SYSTEM,,NPC 장비슬롯 3/4 · itemDefId 비우면 미장착
npc_mock_ai_ship_02__EX_01,npc_mock_ai_ship_02,4,EX_01,,NPC 장비슬롯 4/4 · itemDefId 비우면 미장착
npc_blue_fleet_6__ARMOR,npc_blue_fleet_6,1,ARMOR,,NPC 장비슬롯 1/4 · itemDefId 비우면 미장착
npc_blue_fleet_6__ENGINE,npc_blue_fleet_6,2,ENGINE,,NPC 장비슬롯 2/4 · itemDefId 비우면 미장착
npc_blue_fleet_6__SYSTEM,npc_blue_fleet_6,3,SYSTEM,,NPC 장비슬롯 3/4 · itemDefId 비우면 미장착
npc_blue_fleet_6__EX_01,npc_blue_fleet_6,4,EX_01,,NPC 장비슬롯 4/4 · itemDefId 비우면 미장착
npc_enemy_sirius_01__ARMOR,npc_enemy_sirius_01,1,ARMOR,,NPC 장비슬롯 1/4 · itemDefId 비우면 미장착
npc_enemy_sirius_01__ENGINE,npc_enemy_sirius_01,2,ENGINE,,NPC 장비슬롯 2/4 · itemDefId 비우면 미장착
npc_enemy_sirius_01__SYSTEM,npc_enemy_sirius_01,3,SYSTEM,,NPC 장비슬롯 3/4 · itemDefId 비우면 미장착
npc_enemy_sirius_01__EX_01,npc_enemy_sirius_01,4,EX_01,,NPC 장비슬롯 4/4 · itemDefId 비우면 미장착
npc_enemy_sirius_02__ARMOR,npc_enemy_sirius_02,1,ARMOR,,NPC 장비슬롯 1/4 · itemDefId 비우면 미장착
npc_enemy_sirius_02__ENGINE,npc_enemy_sirius_02,2,ENGINE,,NPC 장비슬롯 2/4 · itemDefId 비우면 미장착
npc_enemy_sirius_02__SYSTEM,npc_enemy_sirius_02,3,SYSTEM,,NPC 장비슬롯 3/4 · itemDefId 비우면 미장착
npc_enemy_sirius_02__EX_01,npc_enemy_sirius_02,4,EX_01,,NPC 장비슬롯 4/4 · itemDefId 비우면 미장착
npc_enemy_sirius_03__ARMOR,npc_enemy_sirius_03,1,ARMOR,,NPC 장비슬롯 1/4 · itemDefId 비우면 미장착
npc_enemy_sirius_03__ENGINE,npc_enemy_sirius_03,2,ENGINE,,NPC 장비슬롯 2/4 · itemDefId 비우면 미장착
npc_enemy_sirius_03__SYSTEM,npc_enemy_sirius_03,3,SYSTEM,,NPC 장비슬롯 3/4 · itemDefId 비우면 미장착
npc_enemy_sirius_03__EX_01,npc_enemy_sirius_03,4,EX_01,,NPC 장비슬롯 4/4 · itemDefId 비우면 미장착
npc_enemy_titan_01__ARMOR,npc_enemy_titan_01,1,ARMOR,,NPC 장비슬롯 1/4 · itemDefId 비우면 미장착
npc_enemy_titan_01__ENGINE,npc_enemy_titan_01,2,ENGINE,,NPC 장비슬롯 2/4 · itemDefId 비우면 미장착
npc_enemy_titan_01__SYSTEM,npc_enemy_titan_01,3,SYSTEM,,NPC 장비슬롯 3/4 · itemDefId 비우면 미장착
npc_enemy_titan_01__EX_01,npc_enemy_titan_01,4,EX_01,,NPC 장비슬롯 4/4 · itemDefId 비우면 미장착
npc_enemy_titan_02__ARMOR,npc_enemy_titan_02,1,ARMOR,,NPC 장비슬롯 1/4 · itemDefId 비우면 미장착
npc_enemy_titan_02__ENGINE,npc_enemy_titan_02,2,ENGINE,,NPC 장비슬롯 2/4 · itemDefId 비우면 미장착
npc_enemy_titan_02__SYSTEM,npc_enemy_titan_02,3,SYSTEM,,NPC 장비슬롯 3/4 · itemDefId 비우면 미장착
npc_enemy_titan_02__EX_01,npc_enemy_titan_02,4,EX_01,,NPC 장비슬롯 4/4 · itemDefId 비우면 미장착
npc_enemy_titan_03__ARMOR,npc_enemy_titan_03,1,ARMOR,,NPC 장비슬롯 1/4 · itemDefId 비우면 미장착
npc_enemy_titan_03__ENGINE,npc_enemy_titan_03,2,ENGINE,,NPC 장비슬롯 2/4 · itemDefId 비우면 미장착
npc_enemy_titan_03__SYSTEM,npc_enemy_titan_03,3,SYSTEM,,NPC 장비슬롯 3/4 · itemDefId 비우면 미장착
npc_enemy_titan_03__EX_01,npc_enemy_titan_03,4,EX_01,,NPC 장비슬롯 4/4 · itemDefId 비우면 미장착
npc_vega_red_10__ARMOR,npc_vega_red_10,1,ARMOR,,NPC 장비슬롯 1/4 · itemDefId 비우면 미장착
npc_vega_red_10__ENGINE,npc_vega_red_10,2,ENGINE,,NPC 장비슬롯 2/4 · itemDefId 비우면 미장착
npc_vega_red_10__SYSTEM,npc_vega_red_10,3,SYSTEM,,NPC 장비슬롯 3/4 · itemDefId 비우면 미장착
npc_vega_red_10__EX_01,npc_vega_red_10,4,EX_01,,NPC 장비슬롯 4/4 · itemDefId 비우면 미장착
npc_mock_ai_ship_08__ARMOR,npc_mock_ai_ship_08,1,ARMOR,,NPC 장비슬롯 1/4 · itemDefId 비우면 미장착
npc_mock_ai_ship_08__ENGINE,npc_mock_ai_ship_08,2,ENGINE,,NPC 장비슬롯 2/4 · itemDefId 비우면 미장착
npc_mock_ai_ship_08__SYSTEM,npc_mock_ai_ship_08,3,SYSTEM,,NPC 장비슬롯 3/4 · itemDefId 비우면 미장착
npc_mock_ai_ship_08__EX_01,npc_mock_ai_ship_08,4,EX_01,,NPC 장비슬롯 4/4 · itemDefId 비우면 미장착
npc_vega_red_4__ARMOR,npc_vega_red_4,1,ARMOR,,NPC 장비슬롯 1/4 · itemDefId 비우면 미장착
npc_vega_red_4__ENGINE,npc_vega_red_4,2,ENGINE,,NPC 장비슬롯 2/4 · itemDefId 비우면 미장착
npc_vega_red_4__SYSTEM,npc_vega_red_4,3,SYSTEM,,NPC 장비슬롯 3/4 · itemDefId 비우면 미장착
npc_vega_red_4__EX_01,npc_vega_red_4,4,EX_01,,NPC 장비슬롯 4/4 · itemDefId 비우면 미장착
npc_mock_ai_ship_17__ARMOR,npc_mock_ai_ship_17,1,ARMOR,,NPC 장비슬롯 1/4 · itemDefId 비우면 미장착
npc_mock_ai_ship_17__ENGINE,npc_mock_ai_ship_17,2,ENGINE,,NPC 장비슬롯 2/4 · itemDefId 비우면 미장착
npc_mock_ai_ship_17__SYSTEM,npc_mock_ai_ship_17,3,SYSTEM,,NPC 장비슬롯 3/4 · itemDefId 비우면 미장착
npc_mock_ai_ship_17__EX_01,npc_mock_ai_ship_17,4,EX_01,,NPC 장비슬롯 4/4 · itemDefId 비우면 미장착
npc_vega_red_5__ARMOR,npc_vega_red_5,1,ARMOR,,NPC 장비슬롯 1/4 · itemDefId 비우면 미장착
npc_vega_red_5__ENGINE,npc_vega_red_5,2,ENGINE,,NPC 장비슬롯 2/4 · itemDefId 비우면 미장착
npc_vega_red_5__SYSTEM,npc_vega_red_5,3,SYSTEM,,NPC 장비슬롯 3/4 · itemDefId 비우면 미장착
npc_vega_red_5__EX_01,npc_vega_red_5,4,EX_01,,NPC 장비슬롯 4/4 · itemDefId 비우면 미장착
npc_mock_ai_ship_12__ARMOR,npc_mock_ai_ship_12,1,ARMOR,,NPC 장비슬롯 1/4 · itemDefId 비우면 미장착
npc_mock_ai_ship_12__ENGINE,npc_mock_ai_ship_12,2,ENGINE,,NPC 장비슬롯 2/4 · itemDefId 비우면 미장착
npc_mock_ai_ship_12__SYSTEM,npc_mock_ai_ship_12,3,SYSTEM,,NPC 장비슬롯 3/4 · itemDefId 비우면 미장착
npc_mock_ai_ship_12__EX_01,npc_mock_ai_ship_12,4,EX_01,,NPC 장비슬롯 4/4 · itemDefId 비우면 미장착
npc_vega_blue_9__ARMOR,npc_vega_blue_9,1,ARMOR,,NPC 장비슬롯 1/4 · itemDefId 비우면 미장착
npc_vega_blue_9__ENGINE,npc_vega_blue_9,2,ENGINE,,NPC 장비슬롯 2/4 · itemDefId 비우면 미장착
npc_vega_blue_9__SYSTEM,npc_vega_blue_9,3,SYSTEM,,NPC 장비슬롯 3/4 · itemDefId 비우면 미장착
npc_vega_blue_9__EX_01,npc_vega_blue_9,4,EX_01,,NPC 장비슬롯 4/4 · itemDefId 비우면 미장착
npc_blue_fleet_5__ARMOR,npc_blue_fleet_5,1,ARMOR,,NPC 장비슬롯 1/4 · itemDefId 비우면 미장착
npc_blue_fleet_5__ENGINE,npc_blue_fleet_5,2,ENGINE,,NPC 장비슬롯 2/4 · itemDefId 비우면 미장착
npc_blue_fleet_5__SYSTEM,npc_blue_fleet_5,3,SYSTEM,,NPC 장비슬롯 3/4 · itemDefId 비우면 미장착
npc_blue_fleet_5__EX_01,npc_blue_fleet_5,4,EX_01,,NPC 장비슬롯 4/4 · itemDefId 비우면 미장착
npc_mock_ai_ship_03__ARMOR,npc_mock_ai_ship_03,1,ARMOR,,NPC 장비슬롯 1/4 · itemDefId 비우면 미장착
npc_mock_ai_ship_03__ENGINE,npc_mock_ai_ship_03,2,ENGINE,,NPC 장비슬롯 2/4 · itemDefId 비우면 미장착
npc_mock_ai_ship_03__SYSTEM,npc_mock_ai_ship_03,3,SYSTEM,,NPC 장비슬롯 3/4 · itemDefId 비우면 미장착
npc_mock_ai_ship_03__EX_01,npc_mock_ai_ship_03,4,EX_01,,NPC 장비슬롯 4/4 · itemDefId 비우면 미장착
npc_mock_ai_ship_13__ARMOR,npc_mock_ai_ship_13,1,ARMOR,,NPC 장비슬롯 1/4 · itemDefId 비우면 미장착
npc_mock_ai_ship_13__ENGINE,npc_mock_ai_ship_13,2,ENGINE,,NPC 장비슬롯 2/4 · itemDefId 비우면 미장착
npc_mock_ai_ship_13__SYSTEM,npc_mock_ai_ship_13,3,SYSTEM,,NPC 장비슬롯 3/4 · itemDefId 비우면 미장착
npc_mock_ai_ship_13__EX_01,npc_mock_ai_ship_13,4,EX_01,,NPC 장비슬롯 4/4 · itemDefId 비우면 미장착
npc_mock_ai_ship_05__ARMOR,npc_mock_ai_ship_05,1,ARMOR,,NPC 장비슬롯 1/4 · itemDefId 비우면 미장착
npc_mock_ai_ship_05__ENGINE,npc_mock_ai_ship_05,2,ENGINE,,NPC 장비슬롯 2/4 · itemDefId 비우면 미장착
npc_mock_ai_ship_05__SYSTEM,npc_mock_ai_ship_05,3,SYSTEM,,NPC 장비슬롯 3/4 · itemDefId 비우면 미장착
npc_mock_ai_ship_05__EX_01,npc_mock_ai_ship_05,4,EX_01,,NPC 장비슬롯 4/4 · itemDefId 비우면 미장착
npc_red_fleet_1__ARMOR,npc_red_fleet_1,1,ARMOR,,NPC 장비슬롯 1/4 · itemDefId 비우면 미장착
npc_red_fleet_1__ENGINE,npc_red_fleet_1,2,ENGINE,,NPC 장비슬롯 2/4 · itemDefId 비우면 미장착
npc_red_fleet_1__SYSTEM,npc_red_fleet_1,3,SYSTEM,,NPC 장비슬롯 3/4 · itemDefId 비우면 미장착
npc_red_fleet_1__EX_01,npc_red_fleet_1,4,EX_01,,NPC 장비슬롯 4/4 · itemDefId 비우면 미장착
npc_enemy_perseus_01__ARMOR,npc_enemy_perseus_01,1,ARMOR,,NPC 장비슬롯 1/4 · itemDefId 비우면 미장착
npc_enemy_perseus_01__ENGINE,npc_enemy_perseus_01,2,ENGINE,,NPC 장비슬롯 2/4 · itemDefId 비우면 미장착
npc_enemy_perseus_01__SYSTEM,npc_enemy_perseus_01,3,SYSTEM,,NPC 장비슬롯 3/4 · itemDefId 비우면 미장착
npc_enemy_perseus_01__EX_01,npc_enemy_perseus_01,4,EX_01,,NPC 장비슬롯 4/4 · itemDefId 비우면 미장착
npc_enemy_perseus_02__ARMOR,npc_enemy_perseus_02,1,ARMOR,,NPC 장비슬롯 1/4 · itemDefId 비우면 미장착
npc_enemy_perseus_02__ENGINE,npc_enemy_perseus_02,2,ENGINE,,NPC 장비슬롯 2/4 · itemDefId 비우면 미장착
npc_enemy_perseus_02__SYSTEM,npc_enemy_perseus_02,3,SYSTEM,,NPC 장비슬롯 3/4 · itemDefId 비우면 미장착
npc_enemy_perseus_02__EX_01,npc_enemy_perseus_02,4,EX_01,,NPC 장비슬롯 4/4 · itemDefId 비우면 미장착
npc_enemy_perseus_03__ARMOR,npc_enemy_perseus_03,1,ARMOR,,NPC 장비슬롯 1/4 · itemDefId 비우면 미장착
npc_enemy_perseus_03__ENGINE,npc_enemy_perseus_03,2,ENGINE,,NPC 장비슬롯 2/4 · itemDefId 비우면 미장착
npc_enemy_perseus_03__SYSTEM,npc_enemy_perseus_03,3,SYSTEM,,NPC 장비슬롯 3/4 · itemDefId 비우면 미장착
npc_enemy_perseus_03__EX_01,npc_enemy_perseus_03,4,EX_01,,NPC 장비슬롯 4/4 · itemDefId 비우면 미장착
npc_neweden_red_7__ARMOR,npc_neweden_red_7,1,ARMOR,,NPC 장비슬롯 1/4 · itemDefId 비우면 미장착
npc_neweden_red_7__ENGINE,npc_neweden_red_7,2,ENGINE,,NPC 장비슬롯 2/4 · itemDefId 비우면 미장착
npc_neweden_red_7__SYSTEM,npc_neweden_red_7,3,SYSTEM,,NPC 장비슬롯 3/4 · itemDefId 비우면 미장착
npc_neweden_red_7__EX_01,npc_neweden_red_7,4,EX_01,,NPC 장비슬롯 4/4 · itemDefId 비우면 미장착
npc_vega_red_6__ARMOR,npc_vega_red_6,1,ARMOR,,NPC 장비슬롯 1/4 · itemDefId 비우면 미장착
npc_vega_red_6__ENGINE,npc_vega_red_6,2,ENGINE,,NPC 장비슬롯 2/4 · itemDefId 비우면 미장착
npc_vega_red_6__SYSTEM,npc_vega_red_6,3,SYSTEM,,NPC 장비슬롯 3/4 · itemDefId 비우면 미장착
npc_vega_red_6__EX_01,npc_vega_red_6,4,EX_01,,NPC 장비슬롯 4/4 · itemDefId 비우면 미장착
npc_vega_red_11__ARMOR,npc_vega_red_11,1,ARMOR,,NPC 장비슬롯 1/4 · itemDefId 비우면 미장착
npc_vega_red_11__ENGINE,npc_vega_red_11,2,ENGINE,,NPC 장비슬롯 2/4 · itemDefId 비우면 미장착
npc_vega_red_11__SYSTEM,npc_vega_red_11,3,SYSTEM,,NPC 장비슬롯 3/4 · itemDefId 비우면 미장착
npc_vega_red_11__EX_01,npc_vega_red_11,4,EX_01,,NPC 장비슬롯 4/4 · itemDefId 비우면 미장착
npc_vega_red_7__ARMOR,npc_vega_red_7,1,ARMOR,,NPC 장비슬롯 1/4 · itemDefId 비우면 미장착
npc_vega_red_7__ENGINE,npc_vega_red_7,2,ENGINE,,NPC 장비슬롯 2/4 · itemDefId 비우면 미장착
npc_vega_red_7__SYSTEM,npc_vega_red_7,3,SYSTEM,,NPC 장비슬롯 3/4 · itemDefId 비우면 미장착
npc_vega_red_7__EX_01,npc_vega_red_7,4,EX_01,,NPC 장비슬롯 4/4 · itemDefId 비우면 미장착
npc_vega_red_8__ARMOR,npc_vega_red_8,1,ARMOR,,NPC 장비슬롯 1/4 · itemDefId 비우면 미장착
npc_vega_red_8__ENGINE,npc_vega_red_8,2,ENGINE,,NPC 장비슬롯 2/4 · itemDefId 비우면 미장착
npc_vega_red_8__SYSTEM,npc_vega_red_8,3,SYSTEM,,NPC 장비슬롯 3/4 · itemDefId 비우면 미장착
npc_vega_red_8__EX_01,npc_vega_red_8,4,EX_01,,NPC 장비슬롯 4/4 · itemDefId 비우면 미장착
npc_vega_red_9__ARMOR,npc_vega_red_9,1,ARMOR,,NPC 장비슬롯 1/4 · itemDefId 비우면 미장착
npc_vega_red_9__ENGINE,npc_vega_red_9,2,ENGINE,,NPC 장비슬롯 2/4 · itemDefId 비우면 미장착
npc_vega_red_9__SYSTEM,npc_vega_red_9,3,SYSTEM,,NPC 장비슬롯 3/4 · itemDefId 비우면 미장착
npc_vega_red_9__EX_01,npc_vega_red_9,4,EX_01,,NPC 장비슬롯 4/4 · itemDefId 비우면 미장착
npc_vega_red_12__ARMOR,npc_vega_red_12,1,ARMOR,,NPC 장비슬롯 1/4 · itemDefId 비우면 미장착
npc_vega_red_12__ENGINE,npc_vega_red_12,2,ENGINE,,NPC 장비슬롯 2/4 · itemDefId 비우면 미장착
npc_vega_red_12__SYSTEM,npc_vega_red_12,3,SYSTEM,,NPC 장비슬롯 3/4 · itemDefId 비우면 미장착
npc_vega_red_12__EX_01,npc_vega_red_12,4,EX_01,,NPC 장비슬롯 4/4 · itemDefId 비우면 미장착
npc_enemy_crimson_01__ARMOR,npc_enemy_crimson_01,1,ARMOR,,NPC 장비슬롯 1/4 · itemDefId 비우면 미장착
npc_enemy_crimson_01__ENGINE,npc_enemy_crimson_01,2,ENGINE,,NPC 장비슬롯 2/4 · itemDefId 비우면 미장착
npc_enemy_crimson_01__SYSTEM,npc_enemy_crimson_01,3,SYSTEM,,NPC 장비슬롯 3/4 · itemDefId 비우면 미장착
npc_enemy_crimson_01__EX_01,npc_enemy_crimson_01,4,EX_01,,NPC 장비슬롯 4/4 · itemDefId 비우면 미장착
npc_enemy_crimson_02__ARMOR,npc_enemy_crimson_02,1,ARMOR,,NPC 장비슬롯 1/4 · itemDefId 비우면 미장착
npc_enemy_crimson_02__ENGINE,npc_enemy_crimson_02,2,ENGINE,,NPC 장비슬롯 2/4 · itemDefId 비우면 미장착
npc_enemy_crimson_02__SYSTEM,npc_enemy_crimson_02,3,SYSTEM,,NPC 장비슬롯 3/4 · itemDefId 비우면 미장착
npc_enemy_crimson_02__EX_01,npc_enemy_crimson_02,4,EX_01,,NPC 장비슬롯 4/4 · itemDefId 비우면 미장착
npc_enemy_crimson_03__ARMOR,npc_enemy_crimson_03,1,ARMOR,,NPC 장비슬롯 1/4 · itemDefId 비우면 미장착
npc_enemy_crimson_03__ENGINE,npc_enemy_crimson_03,2,ENGINE,,NPC 장비슬롯 2/4 · itemDefId 비우면 미장착
npc_enemy_crimson_03__SYSTEM,npc_enemy_crimson_03,3,SYSTEM,,NPC 장비슬롯 3/4 · itemDefId 비우면 미장착
npc_enemy_crimson_03__EX_01,npc_enemy_crimson_03,4,EX_01,,NPC 장비슬롯 4/4 · itemDefId 비우면 미장착
npc_enemy_shadow_01__ARMOR,npc_enemy_shadow_01,1,ARMOR,,NPC 장비슬롯 1/4 · itemDefId 비우면 미장착
npc_enemy_shadow_01__ENGINE,npc_enemy_shadow_01,2,ENGINE,,NPC 장비슬롯 2/4 · itemDefId 비우면 미장착
npc_enemy_shadow_01__SYSTEM,npc_enemy_shadow_01,3,SYSTEM,,NPC 장비슬롯 3/4 · itemDefId 비우면 미장착
npc_enemy_shadow_01__EX_01,npc_enemy_shadow_01,4,EX_01,,NPC 장비슬롯 4/4 · itemDefId 비우면 미장착
npc_enemy_shadow_02__ARMOR,npc_enemy_shadow_02,1,ARMOR,,NPC 장비슬롯 1/4 · itemDefId 비우면 미장착
npc_enemy_shadow_02__ENGINE,npc_enemy_shadow_02,2,ENGINE,,NPC 장비슬롯 2/4 · itemDefId 비우면 미장착
npc_enemy_shadow_02__SYSTEM,npc_enemy_shadow_02,3,SYSTEM,,NPC 장비슬롯 3/4 · itemDefId 비우면 미장착
npc_enemy_shadow_02__EX_01,npc_enemy_shadow_02,4,EX_01,,NPC 장비슬롯 4/4 · itemDefId 비우면 미장착
npc_enemy_shadow_03__ARMOR,npc_enemy_shadow_03,1,ARMOR,,NPC 장비슬롯 1/4 · itemDefId 비우면 미장착
npc_enemy_shadow_03__ENGINE,npc_enemy_shadow_03,2,ENGINE,,NPC 장비슬롯 2/4 · itemDefId 비우면 미장착
npc_enemy_shadow_03__SYSTEM,npc_enemy_shadow_03,3,SYSTEM,,NPC 장비슬롯 3/4 · itemDefId 비우면 미장착
npc_enemy_shadow_03__EX_01,npc_enemy_shadow_03,4,EX_01,,NPC 장비슬롯 4/4 · itemDefId 비우면 미장착
npc_enemy_dark_01__ARMOR,npc_enemy_dark_01,1,ARMOR,,NPC 장비슬롯 1/4 · itemDefId 비우면 미장착
npc_enemy_dark_01__ENGINE,npc_enemy_dark_01,2,ENGINE,,NPC 장비슬롯 2/4 · itemDefId 비우면 미장착
npc_enemy_dark_01__SYSTEM,npc_enemy_dark_01,3,SYSTEM,,NPC 장비슬롯 3/4 · itemDefId 비우면 미장착
npc_enemy_dark_01__EX_01,npc_enemy_dark_01,4,EX_01,,NPC 장비슬롯 4/4 · itemDefId 비우면 미장착
npc_enemy_dark_02__ARMOR,npc_enemy_dark_02,1,ARMOR,,NPC 장비슬롯 1/4 · itemDefId 비우면 미장착
npc_enemy_dark_02__ENGINE,npc_enemy_dark_02,2,ENGINE,,NPC 장비슬롯 2/4 · itemDefId 비우면 미장착
npc_enemy_dark_02__SYSTEM,npc_enemy_dark_02,3,SYSTEM,,NPC 장비슬롯 3/4 · itemDefId 비우면 미장착
npc_enemy_dark_02__EX_01,npc_enemy_dark_02,4,EX_01,,NPC 장비슬롯 4/4 · itemDefId 비우면 미장착
npc_enemy_dark_03__ARMOR,npc_enemy_dark_03,1,ARMOR,,NPC 장비슬롯 1/4 · itemDefId 비우면 미장착
npc_enemy_dark_03__ENGINE,npc_enemy_dark_03,2,ENGINE,,NPC 장비슬롯 2/4 · itemDefId 비우면 미장착
npc_enemy_dark_03__SYSTEM,npc_enemy_dark_03,3,SYSTEM,,NPC 장비슬롯 3/4 · itemDefId 비우면 미장착
npc_enemy_dark_03__EX_01,npc_enemy_dark_03,4,EX_01,,NPC 장비슬롯 4/4 · itemDefId 비우면 미장착
npc_enemy_blood_01__ARMOR,npc_enemy_blood_01,1,ARMOR,,NPC 장비슬롯 1/4 · itemDefId 비우면 미장착
npc_enemy_blood_01__ENGINE,npc_enemy_blood_01,2,ENGINE,,NPC 장비슬롯 2/4 · itemDefId 비우면 미장착
npc_enemy_blood_01__SYSTEM,npc_enemy_blood_01,3,SYSTEM,,NPC 장비슬롯 3/4 · itemDefId 비우면 미장착
npc_enemy_blood_01__EX_01,npc_enemy_blood_01,4,EX_01,,NPC 장비슬롯 4/4 · itemDefId 비우면 미장착
npc_enemy_blood_02__ARMOR,npc_enemy_blood_02,1,ARMOR,,NPC 장비슬롯 1/4 · itemDefId 비우면 미장착
npc_enemy_blood_02__ENGINE,npc_enemy_blood_02,2,ENGINE,,NPC 장비슬롯 2/4 · itemDefId 비우면 미장착
npc_enemy_blood_02__SYSTEM,npc_enemy_blood_02,3,SYSTEM,,NPC 장비슬롯 3/4 · itemDefId 비우면 미장착
npc_enemy_blood_02__EX_01,npc_enemy_blood_02,4,EX_01,,NPC 장비슬롯 4/4 · itemDefId 비우면 미장착
npc_enemy_blood_03__ARMOR,npc_enemy_blood_03,1,ARMOR,,NPC 장비슬롯 1/4 · itemDefId 비우면 미장착
npc_enemy_blood_03__ENGINE,npc_enemy_blood_03,2,ENGINE,,NPC 장비슬롯 2/4 · itemDefId 비우면 미장착
npc_enemy_blood_03__SYSTEM,npc_enemy_blood_03,3,SYSTEM,,NPC 장비슬롯 3/4 · itemDefId 비우면 미장착
npc_enemy_blood_03__EX_01,npc_enemy_blood_03,4,EX_01,,NPC 장비슬롯 4/4 · itemDefId 비우면 미장착
npc_enemy_nightfall_01__ARMOR,npc_enemy_nightfall_01,1,ARMOR,,NPC 장비슬롯 1/4 · itemDefId 비우면 미장착
npc_enemy_nightfall_01__ENGINE,npc_enemy_nightfall_01,2,ENGINE,,NPC 장비슬롯 2/4 · itemDefId 비우면 미장착
npc_enemy_nightfall_01__SYSTEM,npc_enemy_nightfall_01,3,SYSTEM,,NPC 장비슬롯 3/4 · itemDefId 비우면 미장착
npc_enemy_nightfall_01__EX_01,npc_enemy_nightfall_01,4,EX_01,,NPC 장비슬롯 4/4 · itemDefId 비우면 미장착
npc_enemy_nightfall_02__ARMOR,npc_enemy_nightfall_02,1,ARMOR,,NPC 장비슬롯 1/4 · itemDefId 비우면 미장착
npc_enemy_nightfall_02__ENGINE,npc_enemy_nightfall_02,2,ENGINE,,NPC 장비슬롯 2/4 · itemDefId 비우면 미장착
npc_enemy_nightfall_02__SYSTEM,npc_enemy_nightfall_02,3,SYSTEM,,NPC 장비슬롯 3/4 · itemDefId 비우면 미장착
npc_enemy_nightfall_02__EX_01,npc_enemy_nightfall_02,4,EX_01,,NPC 장비슬롯 4/4 · itemDefId 비우면 미장착
npc_enemy_nightfall_03__ARMOR,npc_enemy_nightfall_03,1,ARMOR,,NPC 장비슬롯 1/4 · itemDefId 비우면 미장착
npc_enemy_nightfall_03__ENGINE,npc_enemy_nightfall_03,2,ENGINE,,NPC 장비슬롯 2/4 · itemDefId 비우면 미장착
npc_enemy_nightfall_03__SYSTEM,npc_enemy_nightfall_03,3,SYSTEM,,NPC 장비슬롯 3/4 · itemDefId 비우면 미장착
npc_enemy_nightfall_03__EX_01,npc_enemy_nightfall_03,4,EX_01,,NPC 장비슬롯 4/4 · itemDefId 비우면 미장착
npc_enemy_abyss_01__ARMOR,npc_enemy_abyss_01,1,ARMOR,,NPC 장비슬롯 1/4 · itemDefId 비우면 미장착
npc_enemy_abyss_01__ENGINE,npc_enemy_abyss_01,2,ENGINE,,NPC 장비슬롯 2/4 · itemDefId 비우면 미장착
npc_enemy_abyss_01__SYSTEM,npc_enemy_abyss_01,3,SYSTEM,,NPC 장비슬롯 3/4 · itemDefId 비우면 미장착
npc_enemy_abyss_01__EX_01,npc_enemy_abyss_01,4,EX_01,,NPC 장비슬롯 4/4 · itemDefId 비우면 미장착
npc_enemy_abyss_02__ARMOR,npc_enemy_abyss_02,1,ARMOR,,NPC 장비슬롯 1/4 · itemDefId 비우면 미장착
npc_enemy_abyss_02__ENGINE,npc_enemy_abyss_02,2,ENGINE,,NPC 장비슬롯 2/4 · itemDefId 비우면 미장착
npc_enemy_abyss_02__SYSTEM,npc_enemy_abyss_02,3,SYSTEM,,NPC 장비슬롯 3/4 · itemDefId 비우면 미장착
npc_enemy_abyss_02__EX_01,npc_enemy_abyss_02,4,EX_01,,NPC 장비슬롯 4/4 · itemDefId 비우면 미장착
npc_enemy_abyss_03__ARMOR,npc_enemy_abyss_03,1,ARMOR,,NPC 장비슬롯 1/4 · itemDefId 비우면 미장착
npc_enemy_abyss_03__ENGINE,npc_enemy_abyss_03,2,ENGINE,,NPC 장비슬롯 2/4 · itemDefId 비우면 미장착
npc_enemy_abyss_03__SYSTEM,npc_enemy_abyss_03,3,SYSTEM,,NPC 장비슬롯 3/4 · itemDefId 비우면 미장착
npc_enemy_abyss_03__EX_01,npc_enemy_abyss_03,4,EX_01,,NPC 장비슬롯 4/4 · itemDefId 비우면 미장착
npc_enemy_core_01__ARMOR,npc_enemy_core_01,1,ARMOR,,NPC 장비슬롯 1/4 · itemDefId 비우면 미장착
npc_enemy_core_01__ENGINE,npc_enemy_core_01,2,ENGINE,,NPC 장비슬롯 2/4 · itemDefId 비우면 미장착
npc_enemy_core_01__SYSTEM,npc_enemy_core_01,3,SYSTEM,,NPC 장비슬롯 3/4 · itemDefId 비우면 미장착
npc_enemy_core_01__EX_01,npc_enemy_core_01,4,EX_01,,NPC 장비슬롯 4/4 · itemDefId 비우면 미장착
npc_enemy_core_02__ARMOR,npc_enemy_core_02,1,ARMOR,,NPC 장비슬롯 1/4 · itemDefId 비우면 미장착
npc_enemy_core_02__ENGINE,npc_enemy_core_02,2,ENGINE,,NPC 장비슬롯 2/4 · itemDefId 비우면 미장착
npc_enemy_core_02__SYSTEM,npc_enemy_core_02,3,SYSTEM,,NPC 장비슬롯 3/4 · itemDefId 비우면 미장착
npc_enemy_core_02__EX_01,npc_enemy_core_02,4,EX_01,,NPC 장비슬롯 4/4 · itemDefId 비우면 미장착
npc_enemy_core_03__ARMOR,npc_enemy_core_03,1,ARMOR,,NPC 장비슬롯 1/4 · itemDefId 비우면 미장착
npc_enemy_core_03__ENGINE,npc_enemy_core_03,2,ENGINE,,NPC 장비슬롯 2/4 · itemDefId 비우면 미장착
npc_enemy_core_03__SYSTEM,npc_enemy_core_03,3,SYSTEM,,NPC 장비슬롯 3/4 · itemDefId 비우면 미장착
npc_enemy_core_03__EX_01,npc_enemy_core_03,4,EX_01,,NPC 장비슬롯 4/4 · itemDefId 비우면 미장착
npc_enemy_eternity_01__ARMOR,npc_enemy_eternity_01,1,ARMOR,,NPC 장비슬롯 1/4 · itemDefId 비우면 미장착
npc_enemy_eternity_01__ENGINE,npc_enemy_eternity_01,2,ENGINE,,NPC 장비슬롯 2/4 · itemDefId 비우면 미장착
npc_enemy_eternity_01__SYSTEM,npc_enemy_eternity_01,3,SYSTEM,,NPC 장비슬롯 3/4 · itemDefId 비우면 미장착
npc_enemy_eternity_01__EX_01,npc_enemy_eternity_01,4,EX_01,,NPC 장비슬롯 4/4 · itemDefId 비우면 미장착
npc_enemy_eternity_02__ARMOR,npc_enemy_eternity_02,1,ARMOR,,NPC 장비슬롯 1/4 · itemDefId 비우면 미장착
npc_enemy_eternity_02__ENGINE,npc_enemy_eternity_02,2,ENGINE,,NPC 장비슬롯 2/4 · itemDefId 비우면 미장착
npc_enemy_eternity_02__SYSTEM,npc_enemy_eternity_02,3,SYSTEM,,NPC 장비슬롯 3/4 · itemDefId 비우면 미장착
npc_enemy_eternity_02__EX_01,npc_enemy_eternity_02,4,EX_01,,NPC 장비슬롯 4/4 · itemDefId 비우면 미장착
npc_enemy_eternity_03__ARMOR,npc_enemy_eternity_03,1,ARMOR,,NPC 장비슬롯 1/4 · itemDefId 비우면 미장착
npc_enemy_eternity_03__ENGINE,npc_enemy_eternity_03,2,ENGINE,,NPC 장비슬롯 2/4 · itemDefId 비우면 미장착
npc_enemy_eternity_03__SYSTEM,npc_enemy_eternity_03,3,SYSTEM,,NPC 장비슬롯 3/4 · itemDefId 비우면 미장착
npc_enemy_eternity_03__EX_01,npc_enemy_eternity_03,4,EX_01,,NPC 장비슬롯 4/4 · itemDefId 비우면 미장착
npc_ai_clan_neutral_flagship__ARMOR,npc_ai_clan_neutral_flagship,1,ARMOR,,NPC 장비슬롯 1/4 · itemDefId 비우면 미장착
npc_ai_clan_neutral_flagship__ENGINE,npc_ai_clan_neutral_flagship,2,ENGINE,,NPC 장비슬롯 2/4 · itemDefId 비우면 미장착
npc_ai_clan_neutral_flagship__SYSTEM,npc_ai_clan_neutral_flagship,3,SYSTEM,,NPC 장비슬롯 3/4 · itemDefId 비우면 미장착
npc_ai_clan_neutral_flagship__EX_01,npc_ai_clan_neutral_flagship,4,EX_01,,NPC 장비슬롯 4/4 · itemDefId 비우면 미장착
npc_ai_clan_safe_flagship__ARMOR,npc_ai_clan_safe_flagship,1,ARMOR,,NPC 장비슬롯 1/4 · itemDefId 비우면 미장착
npc_ai_clan_safe_flagship__ENGINE,npc_ai_clan_safe_flagship,2,ENGINE,,NPC 장비슬롯 2/4 · itemDefId 비우면 미장착
npc_ai_clan_safe_flagship__SYSTEM,npc_ai_clan_safe_flagship,3,SYSTEM,,NPC 장비슬롯 3/4 · itemDefId 비우면 미장착
npc_ai_clan_safe_flagship__EX_01,npc_ai_clan_safe_flagship,4,EX_01,,NPC 장비슬롯 4/4 · itemDefId 비우면 미장착
npc_arc_presence_ship_01__ARMOR,npc_arc_presence_ship_01,1,ARMOR,,NPC 장비슬롯 1/4 · itemDefId 비우면 미장착
npc_arc_presence_ship_01__ENGINE,npc_arc_presence_ship_01,2,ENGINE,,NPC 장비슬롯 2/4 · itemDefId 비우면 미장착
npc_arc_presence_ship_01__SYSTEM,npc_arc_presence_ship_01,3,SYSTEM,,NPC 장비슬롯 3/4 · itemDefId 비우면 미장착
npc_arc_presence_ship_01__EX_01,npc_arc_presence_ship_01,4,EX_01,,NPC 장비슬롯 4/4 · itemDefId 비우면 미장착
npc_arc_presence_ship_02__ARMOR,npc_arc_presence_ship_02,1,ARMOR,,NPC 장비슬롯 1/4 · itemDefId 비우면 미장착
npc_arc_presence_ship_02__ENGINE,npc_arc_presence_ship_02,2,ENGINE,,NPC 장비슬롯 2/4 · itemDefId 비우면 미장착
npc_arc_presence_ship_02__SYSTEM,npc_arc_presence_ship_02,3,SYSTEM,,NPC 장비슬롯 3/4 · itemDefId 비우면 미장착
npc_arc_presence_ship_02__EX_01,npc_arc_presence_ship_02,4,EX_01,,NPC 장비슬롯 4/4 · itemDefId 비우면 미장착
npc_arc_presence_ship_03__ARMOR,npc_arc_presence_ship_03,1,ARMOR,,NPC 장비슬롯 1/4 · itemDefId 비우면 미장착
npc_arc_presence_ship_03__ENGINE,npc_arc_presence_ship_03,2,ENGINE,,NPC 장비슬롯 2/4 · itemDefId 비우면 미장착
npc_arc_presence_ship_03__SYSTEM,npc_arc_presence_ship_03,3,SYSTEM,,NPC 장비슬롯 3/4 · itemDefId 비우면 미장착
npc_arc_presence_ship_03__EX_01,npc_arc_presence_ship_03,4,EX_01,,NPC 장비슬롯 4/4 · itemDefId 비우면 미장착
npc_arc_presence_ship_04__ARMOR,npc_arc_presence_ship_04,1,ARMOR,,NPC 장비슬롯 1/4 · itemDefId 비우면 미장착
npc_arc_presence_ship_04__ENGINE,npc_arc_presence_ship_04,2,ENGINE,,NPC 장비슬롯 2/4 · itemDefId 비우면 미장착
npc_arc_presence_ship_04__SYSTEM,npc_arc_presence_ship_04,3,SYSTEM,,NPC 장비슬롯 3/4 · itemDefId 비우면 미장착
npc_arc_presence_ship_04__EX_01,npc_arc_presence_ship_04,4,EX_01,,NPC 장비슬롯 4/4 · itemDefId 비우면 미장착
npc_arc_presence_ship_05__ARMOR,npc_arc_presence_ship_05,1,ARMOR,,NPC 장비슬롯 1/4 · itemDefId 비우면 미장착
npc_arc_presence_ship_05__ENGINE,npc_arc_presence_ship_05,2,ENGINE,,NPC 장비슬롯 2/4 · itemDefId 비우면 미장착
npc_arc_presence_ship_05__SYSTEM,npc_arc_presence_ship_05,3,SYSTEM,,NPC 장비슬롯 3/4 · itemDefId 비우면 미장착
npc_arc_presence_ship_05__EX_01,npc_arc_presence_ship_05,4,EX_01,,NPC 장비슬롯 4/4 · itemDefId 비우면 미장착
npc_arc_presence_ship_06__ARMOR,npc_arc_presence_ship_06,1,ARMOR,,NPC 장비슬롯 1/4 · itemDefId 비우면 미장착
npc_arc_presence_ship_06__ENGINE,npc_arc_presence_ship_06,2,ENGINE,,NPC 장비슬롯 2/4 · itemDefId 비우면 미장착
npc_arc_presence_ship_06__SYSTEM,npc_arc_presence_ship_06,3,SYSTEM,,NPC 장비슬롯 3/4 · itemDefId 비우면 미장착
npc_arc_presence_ship_06__EX_01,npc_arc_presence_ship_06,4,EX_01,,NPC 장비슬롯 4/4 · itemDefId 비우면 미장착
npc_arc_presence_ship_07__ARMOR,npc_arc_presence_ship_07,1,ARMOR,,NPC 장비슬롯 1/4 · itemDefId 비우면 미장착
npc_arc_presence_ship_07__ENGINE,npc_arc_presence_ship_07,2,ENGINE,,NPC 장비슬롯 2/4 · itemDefId 비우면 미장착
npc_arc_presence_ship_07__SYSTEM,npc_arc_presence_ship_07,3,SYSTEM,,NPC 장비슬롯 3/4 · itemDefId 비우면 미장착
npc_arc_presence_ship_07__EX_01,npc_arc_presence_ship_07,4,EX_01,,NPC 장비슬롯 4/4 · itemDefId 비우면 미장착
npc_arc_presence_ship_08__ARMOR,npc_arc_presence_ship_08,1,ARMOR,,NPC 장비슬롯 1/4 · itemDefId 비우면 미장착
npc_arc_presence_ship_08__ENGINE,npc_arc_presence_ship_08,2,ENGINE,,NPC 장비슬롯 2/4 · itemDefId 비우면 미장착
npc_arc_presence_ship_08__SYSTEM,npc_arc_presence_ship_08,3,SYSTEM,,NPC 장비슬롯 3/4 · itemDefId 비우면 미장착
npc_arc_presence_ship_08__EX_01,npc_arc_presence_ship_08,4,EX_01,,NPC 장비슬롯 4/4 · itemDefId 비우면 미장착
npc_arc_presence_ship_09__ARMOR,npc_arc_presence_ship_09,1,ARMOR,,NPC 장비슬롯 1/4 · itemDefId 비우면 미장착
npc_arc_presence_ship_09__ENGINE,npc_arc_presence_ship_09,2,ENGINE,,NPC 장비슬롯 2/4 · itemDefId 비우면 미장착
npc_arc_presence_ship_09__SYSTEM,npc_arc_presence_ship_09,3,SYSTEM,,NPC 장비슬롯 3/4 · itemDefId 비우면 미장착
npc_arc_presence_ship_09__EX_01,npc_arc_presence_ship_09,4,EX_01,,NPC 장비슬롯 4/4 · itemDefId 비우면 미장착
npc_arc_presence_ship_10__ARMOR,npc_arc_presence_ship_10,1,ARMOR,,NPC 장비슬롯 1/4 · itemDefId 비우면 미장착
npc_arc_presence_ship_10__ENGINE,npc_arc_presence_ship_10,2,ENGINE,,NPC 장비슬롯 2/4 · itemDefId 비우면 미장착
npc_arc_presence_ship_10__SYSTEM,npc_arc_presence_ship_10,3,SYSTEM,,NPC 장비슬롯 3/4 · itemDefId 비우면 미장착
npc_arc_presence_ship_10__EX_01,npc_arc_presence_ship_10,4,EX_01,,NPC 장비슬롯 4/4 · itemDefId 비우면 미장착
npc_arc_presence_ship_11__ARMOR,npc_arc_presence_ship_11,1,ARMOR,,NPC 장비슬롯 1/4 · itemDefId 비우면 미장착
npc_arc_presence_ship_11__ENGINE,npc_arc_presence_ship_11,2,ENGINE,,NPC 장비슬롯 2/4 · itemDefId 비우면 미장착
npc_arc_presence_ship_11__SYSTEM,npc_arc_presence_ship_11,3,SYSTEM,,NPC 장비슬롯 3/4 · itemDefId 비우면 미장착
npc_arc_presence_ship_11__EX_01,npc_arc_presence_ship_11,4,EX_01,,NPC 장비슬롯 4/4 · itemDefId 비우면 미장착
npc_arc_presence_ship_12__ARMOR,npc_arc_presence_ship_12,1,ARMOR,,NPC 장비슬롯 1/4 · itemDefId 비우면 미장착
npc_arc_presence_ship_12__ENGINE,npc_arc_presence_ship_12,2,ENGINE,,NPC 장비슬롯 2/4 · itemDefId 비우면 미장착
npc_arc_presence_ship_12__SYSTEM,npc_arc_presence_ship_12,3,SYSTEM,,NPC 장비슬롯 3/4 · itemDefId 비우면 미장착
npc_arc_presence_ship_12__EX_01,npc_arc_presence_ship_12,4,EX_01,,NPC 장비슬롯 4/4 · itemDefId 비우면 미장착
npc_arcadia_orbit_1__ARMOR,npc_arcadia_orbit_1,1,ARMOR,,NPC 장비슬롯 1/4 · itemDefId 비우면 미장착
npc_arcadia_orbit_1__ENGINE,npc_arcadia_orbit_1,2,ENGINE,,NPC 장비슬롯 2/4 · itemDefId 비우면 미장착
npc_arcadia_orbit_1__SYSTEM,npc_arcadia_orbit_1,3,SYSTEM,,NPC 장비슬롯 3/4 · itemDefId 비우면 미장착
npc_arcadia_orbit_1__EX_01,npc_arcadia_orbit_1,4,EX_01,,NPC 장비슬롯 4/4 · itemDefId 비우면 미장착
npc_arcadia_orbit_2__ARMOR,npc_arcadia_orbit_2,1,ARMOR,,NPC 장비슬롯 1/4 · itemDefId 비우면 미장착
npc_arcadia_orbit_2__ENGINE,npc_arcadia_orbit_2,2,ENGINE,,NPC 장비슬롯 2/4 · itemDefId 비우면 미장착
npc_arcadia_orbit_2__SYSTEM,npc_arcadia_orbit_2,3,SYSTEM,,NPC 장비슬롯 3/4 · itemDefId 비우면 미장착
npc_arcadia_orbit_2__EX_01,npc_arcadia_orbit_2,4,EX_01,,NPC 장비슬롯 4/4 · itemDefId 비우면 미장착
npc_draco_escort_01__ARMOR,npc_draco_escort_01,1,ARMOR,,NPC 장비슬롯 1/4 · itemDefId 비우면 미장착
npc_draco_escort_01__ENGINE,npc_draco_escort_01,2,ENGINE,,NPC 장비슬롯 2/4 · itemDefId 비우면 미장착
npc_draco_escort_01__SYSTEM,npc_draco_escort_01,3,SYSTEM,,NPC 장비슬롯 3/4 · itemDefId 비우면 미장착
npc_draco_escort_01__EX_01,npc_draco_escort_01,4,EX_01,,NPC 장비슬롯 4/4 · itemDefId 비우면 미장착
npc_draco_patrol_01__ARMOR,npc_draco_patrol_01,1,ARMOR,,NPC 장비슬롯 1/4 · itemDefId 비우면 미장착
npc_draco_patrol_01__ENGINE,npc_draco_patrol_01,2,ENGINE,,NPC 장비슬롯 2/4 · itemDefId 비우면 미장착
npc_draco_patrol_01__SYSTEM,npc_draco_patrol_01,3,SYSTEM,,NPC 장비슬롯 3/4 · itemDefId 비우면 미장착
npc_draco_patrol_01__EX_01,npc_draco_patrol_01,4,EX_01,,NPC 장비슬롯 4/4 · itemDefId 비우면 미장착
npc_eden_orbit_4__ARMOR,npc_eden_orbit_4,1,ARMOR,,NPC 장비슬롯 1/4 · itemDefId 비우면 미장착
npc_eden_orbit_4__ENGINE,npc_eden_orbit_4,2,ENGINE,,NPC 장비슬롯 2/4 · itemDefId 비우면 미장착
npc_eden_orbit_4__SYSTEM,npc_eden_orbit_4,3,SYSTEM,,NPC 장비슬롯 3/4 · itemDefId 비우면 미장착
npc_eden_orbit_4__EX_01,npc_eden_orbit_4,4,EX_01,,NPC 장비슬롯 4/4 · itemDefId 비우면 미장착
npc_faction_cargo_ship_e_01__ARMOR,npc_faction_cargo_ship_e_01,1,ARMOR,,NPC 장비슬롯 1/4 · itemDefId 비우면 미장착
npc_faction_cargo_ship_e_01__ENGINE,npc_faction_cargo_ship_e_01,2,ENGINE,,NPC 장비슬롯 2/4 · itemDefId 비우면 미장착
npc_faction_cargo_ship_e_01__SYSTEM,npc_faction_cargo_ship_e_01,3,SYSTEM,,NPC 장비슬롯 3/4 · itemDefId 비우면 미장착
npc_faction_cargo_ship_e_01__EX_01,npc_faction_cargo_ship_e_01,4,EX_01,,NPC 장비슬롯 4/4 · itemDefId 비우면 미장착
npc_faction_cargo_ship_e_02__ARMOR,npc_faction_cargo_ship_e_02,1,ARMOR,,NPC 장비슬롯 1/4 · itemDefId 비우면 미장착
npc_faction_cargo_ship_e_02__ENGINE,npc_faction_cargo_ship_e_02,2,ENGINE,,NPC 장비슬롯 2/4 · itemDefId 비우면 미장착
npc_faction_cargo_ship_e_02__SYSTEM,npc_faction_cargo_ship_e_02,3,SYSTEM,,NPC 장비슬롯 3/4 · itemDefId 비우면 미장착
npc_faction_cargo_ship_e_02__EX_01,npc_faction_cargo_ship_e_02,4,EX_01,,NPC 장비슬롯 4/4 · itemDefId 비우면 미장착
npc_faction_cargo_ship_e_03__ARMOR,npc_faction_cargo_ship_e_03,1,ARMOR,,NPC 장비슬롯 1/4 · itemDefId 비우면 미장착
npc_faction_cargo_ship_e_03__ENGINE,npc_faction_cargo_ship_e_03,2,ENGINE,,NPC 장비슬롯 2/4 · itemDefId 비우면 미장착
npc_faction_cargo_ship_e_03__SYSTEM,npc_faction_cargo_ship_e_03,3,SYSTEM,,NPC 장비슬롯 3/4 · itemDefId 비우면 미장착
npc_faction_cargo_ship_e_03__EX_01,npc_faction_cargo_ship_e_03,4,EX_01,,NPC 장비슬롯 4/4 · itemDefId 비우면 미장착
npc_faction_cargo_ship_e_04__ARMOR,npc_faction_cargo_ship_e_04,1,ARMOR,,NPC 장비슬롯 1/4 · itemDefId 비우면 미장착
npc_faction_cargo_ship_e_04__ENGINE,npc_faction_cargo_ship_e_04,2,ENGINE,,NPC 장비슬롯 2/4 · itemDefId 비우면 미장착
npc_faction_cargo_ship_e_04__SYSTEM,npc_faction_cargo_ship_e_04,3,SYSTEM,,NPC 장비슬롯 3/4 · itemDefId 비우면 미장착
npc_faction_cargo_ship_e_04__EX_01,npc_faction_cargo_ship_e_04,4,EX_01,,NPC 장비슬롯 4/4 · itemDefId 비우면 미장착
npc_faction_cargo_ship_e_05__ARMOR,npc_faction_cargo_ship_e_05,1,ARMOR,,NPC 장비슬롯 1/4 · itemDefId 비우면 미장착
npc_faction_cargo_ship_e_05__ENGINE,npc_faction_cargo_ship_e_05,2,ENGINE,,NPC 장비슬롯 2/4 · itemDefId 비우면 미장착
npc_faction_cargo_ship_e_05__SYSTEM,npc_faction_cargo_ship_e_05,3,SYSTEM,,NPC 장비슬롯 3/4 · itemDefId 비우면 미장착
npc_faction_cargo_ship_e_05__EX_01,npc_faction_cargo_ship_e_05,4,EX_01,,NPC 장비슬롯 4/4 · itemDefId 비우면 미장착
npc_faction_cargo_ship_e_06__ARMOR,npc_faction_cargo_ship_e_06,1,ARMOR,,NPC 장비슬롯 1/4 · itemDefId 비우면 미장착
npc_faction_cargo_ship_e_06__ENGINE,npc_faction_cargo_ship_e_06,2,ENGINE,,NPC 장비슬롯 2/4 · itemDefId 비우면 미장착
npc_faction_cargo_ship_e_06__SYSTEM,npc_faction_cargo_ship_e_06,3,SYSTEM,,NPC 장비슬롯 3/4 · itemDefId 비우면 미장착
npc_faction_cargo_ship_e_06__EX_01,npc_faction_cargo_ship_e_06,4,EX_01,,NPC 장비슬롯 4/4 · itemDefId 비우면 미장착
npc_faction_cargo_ship_e_07__ARMOR,npc_faction_cargo_ship_e_07,1,ARMOR,,NPC 장비슬롯 1/4 · itemDefId 비우면 미장착
npc_faction_cargo_ship_e_07__ENGINE,npc_faction_cargo_ship_e_07,2,ENGINE,,NPC 장비슬롯 2/4 · itemDefId 비우면 미장착
npc_faction_cargo_ship_e_07__SYSTEM,npc_faction_cargo_ship_e_07,3,SYSTEM,,NPC 장비슬롯 3/4 · itemDefId 비우면 미장착
npc_faction_cargo_ship_e_07__EX_01,npc_faction_cargo_ship_e_07,4,EX_01,,NPC 장비슬롯 4/4 · itemDefId 비우면 미장착
npc_faction_cargo_ship_e_08__ARMOR,npc_faction_cargo_ship_e_08,1,ARMOR,,NPC 장비슬롯 1/4 · itemDefId 비우면 미장착
npc_faction_cargo_ship_e_08__ENGINE,npc_faction_cargo_ship_e_08,2,ENGINE,,NPC 장비슬롯 2/4 · itemDefId 비우면 미장착
npc_faction_cargo_ship_e_08__SYSTEM,npc_faction_cargo_ship_e_08,3,SYSTEM,,NPC 장비슬롯 3/4 · itemDefId 비우면 미장착
npc_faction_cargo_ship_e_08__EX_01,npc_faction_cargo_ship_e_08,4,EX_01,,NPC 장비슬롯 4/4 · itemDefId 비우면 미장착
npc_faction_cargo_ship_e_09__ARMOR,npc_faction_cargo_ship_e_09,1,ARMOR,,NPC 장비슬롯 1/4 · itemDefId 비우면 미장착
npc_faction_cargo_ship_e_09__ENGINE,npc_faction_cargo_ship_e_09,2,ENGINE,,NPC 장비슬롯 2/4 · itemDefId 비우면 미장착
npc_faction_cargo_ship_e_09__SYSTEM,npc_faction_cargo_ship_e_09,3,SYSTEM,,NPC 장비슬롯 3/4 · itemDefId 비우면 미장착
npc_faction_cargo_ship_e_09__EX_01,npc_faction_cargo_ship_e_09,4,EX_01,,NPC 장비슬롯 4/4 · itemDefId 비우면 미장착
npc_faction_cargo_ship_e_10__ARMOR,npc_faction_cargo_ship_e_10,1,ARMOR,,NPC 장비슬롯 1/4 · itemDefId 비우면 미장착
npc_faction_cargo_ship_e_10__ENGINE,npc_faction_cargo_ship_e_10,2,ENGINE,,NPC 장비슬롯 2/4 · itemDefId 비우면 미장착
npc_faction_cargo_ship_e_10__SYSTEM,npc_faction_cargo_ship_e_10,3,SYSTEM,,NPC 장비슬롯 3/4 · itemDefId 비우면 미장착
npc_faction_cargo_ship_e_10__EX_01,npc_faction_cargo_ship_e_10,4,EX_01,,NPC 장비슬롯 4/4 · itemDefId 비우면 미장착
npc_faction_cargo_ship_e_11__ARMOR,npc_faction_cargo_ship_e_11,1,ARMOR,,NPC 장비슬롯 1/4 · itemDefId 비우면 미장착
npc_faction_cargo_ship_e_11__ENGINE,npc_faction_cargo_ship_e_11,2,ENGINE,,NPC 장비슬롯 2/4 · itemDefId 비우면 미장착
npc_faction_cargo_ship_e_11__SYSTEM,npc_faction_cargo_ship_e_11,3,SYSTEM,,NPC 장비슬롯 3/4 · itemDefId 비우면 미장착
npc_faction_cargo_ship_e_11__EX_01,npc_faction_cargo_ship_e_11,4,EX_01,,NPC 장비슬롯 4/4 · itemDefId 비우면 미장착
npc_faction_cargo_ship_e_12__ARMOR,npc_faction_cargo_ship_e_12,1,ARMOR,,NPC 장비슬롯 1/4 · itemDefId 비우면 미장착
npc_faction_cargo_ship_e_12__ENGINE,npc_faction_cargo_ship_e_12,2,ENGINE,,NPC 장비슬롯 2/4 · itemDefId 비우면 미장착
npc_faction_cargo_ship_e_12__SYSTEM,npc_faction_cargo_ship_e_12,3,SYSTEM,,NPC 장비슬롯 3/4 · itemDefId 비우면 미장착
npc_faction_cargo_ship_e_12__EX_01,npc_faction_cargo_ship_e_12,4,EX_01,,NPC 장비슬롯 4/4 · itemDefId 비우면 미장착
npc_faction_cargo_ship_n_01__ARMOR,npc_faction_cargo_ship_n_01,1,ARMOR,,NPC 장비슬롯 1/4 · itemDefId 비우면 미장착
npc_faction_cargo_ship_n_01__ENGINE,npc_faction_cargo_ship_n_01,2,ENGINE,,NPC 장비슬롯 2/4 · itemDefId 비우면 미장착
npc_faction_cargo_ship_n_01__SYSTEM,npc_faction_cargo_ship_n_01,3,SYSTEM,,NPC 장비슬롯 3/4 · itemDefId 비우면 미장착
npc_faction_cargo_ship_n_01__EX_01,npc_faction_cargo_ship_n_01,4,EX_01,,NPC 장비슬롯 4/4 · itemDefId 비우면 미장착
npc_faction_cargo_ship_n_02__ARMOR,npc_faction_cargo_ship_n_02,1,ARMOR,,NPC 장비슬롯 1/4 · itemDefId 비우면 미장착
npc_faction_cargo_ship_n_02__ENGINE,npc_faction_cargo_ship_n_02,2,ENGINE,,NPC 장비슬롯 2/4 · itemDefId 비우면 미장착
npc_faction_cargo_ship_n_02__SYSTEM,npc_faction_cargo_ship_n_02,3,SYSTEM,,NPC 장비슬롯 3/4 · itemDefId 비우면 미장착
npc_faction_cargo_ship_n_02__EX_01,npc_faction_cargo_ship_n_02,4,EX_01,,NPC 장비슬롯 4/4 · itemDefId 비우면 미장착
npc_faction_cargo_ship_n_03__ARMOR,npc_faction_cargo_ship_n_03,1,ARMOR,,NPC 장비슬롯 1/4 · itemDefId 비우면 미장착
npc_faction_cargo_ship_n_03__ENGINE,npc_faction_cargo_ship_n_03,2,ENGINE,,NPC 장비슬롯 2/4 · itemDefId 비우면 미장착
npc_faction_cargo_ship_n_03__SYSTEM,npc_faction_cargo_ship_n_03,3,SYSTEM,,NPC 장비슬롯 3/4 · itemDefId 비우면 미장착
npc_faction_cargo_ship_n_03__EX_01,npc_faction_cargo_ship_n_03,4,EX_01,,NPC 장비슬롯 4/4 · itemDefId 비우면 미장착
npc_faction_cargo_ship_n_04__ARMOR,npc_faction_cargo_ship_n_04,1,ARMOR,,NPC 장비슬롯 1/4 · itemDefId 비우면 미장착
npc_faction_cargo_ship_n_04__ENGINE,npc_faction_cargo_ship_n_04,2,ENGINE,,NPC 장비슬롯 2/4 · itemDefId 비우면 미장착
npc_faction_cargo_ship_n_04__SYSTEM,npc_faction_cargo_ship_n_04,3,SYSTEM,,NPC 장비슬롯 3/4 · itemDefId 비우면 미장착
npc_faction_cargo_ship_n_04__EX_01,npc_faction_cargo_ship_n_04,4,EX_01,,NPC 장비슬롯 4/4 · itemDefId 비우면 미장착
npc_faction_cargo_ship_n_05__ARMOR,npc_faction_cargo_ship_n_05,1,ARMOR,,NPC 장비슬롯 1/4 · itemDefId 비우면 미장착
npc_faction_cargo_ship_n_05__ENGINE,npc_faction_cargo_ship_n_05,2,ENGINE,,NPC 장비슬롯 2/4 · itemDefId 비우면 미장착
npc_faction_cargo_ship_n_05__SYSTEM,npc_faction_cargo_ship_n_05,3,SYSTEM,,NPC 장비슬롯 3/4 · itemDefId 비우면 미장착
npc_faction_cargo_ship_n_05__EX_01,npc_faction_cargo_ship_n_05,4,EX_01,,NPC 장비슬롯 4/4 · itemDefId 비우면 미장착
npc_faction_cargo_ship_n_06__ARMOR,npc_faction_cargo_ship_n_06,1,ARMOR,,NPC 장비슬롯 1/4 · itemDefId 비우면 미장착
npc_faction_cargo_ship_n_06__ENGINE,npc_faction_cargo_ship_n_06,2,ENGINE,,NPC 장비슬롯 2/4 · itemDefId 비우면 미장착
npc_faction_cargo_ship_n_06__SYSTEM,npc_faction_cargo_ship_n_06,3,SYSTEM,,NPC 장비슬롯 3/4 · itemDefId 비우면 미장착
npc_faction_cargo_ship_n_06__EX_01,npc_faction_cargo_ship_n_06,4,EX_01,,NPC 장비슬롯 4/4 · itemDefId 비우면 미장착
npc_faction_cargo_ship_n_07__ARMOR,npc_faction_cargo_ship_n_07,1,ARMOR,,NPC 장비슬롯 1/4 · itemDefId 비우면 미장착
npc_faction_cargo_ship_n_07__ENGINE,npc_faction_cargo_ship_n_07,2,ENGINE,,NPC 장비슬롯 2/4 · itemDefId 비우면 미장착
npc_faction_cargo_ship_n_07__SYSTEM,npc_faction_cargo_ship_n_07,3,SYSTEM,,NPC 장비슬롯 3/4 · itemDefId 비우면 미장착
npc_faction_cargo_ship_n_07__EX_01,npc_faction_cargo_ship_n_07,4,EX_01,,NPC 장비슬롯 4/4 · itemDefId 비우면 미장착
npc_faction_cargo_ship_n_08__ARMOR,npc_faction_cargo_ship_n_08,1,ARMOR,,NPC 장비슬롯 1/4 · itemDefId 비우면 미장착
npc_faction_cargo_ship_n_08__ENGINE,npc_faction_cargo_ship_n_08,2,ENGINE,,NPC 장비슬롯 2/4 · itemDefId 비우면 미장착
npc_faction_cargo_ship_n_08__SYSTEM,npc_faction_cargo_ship_n_08,3,SYSTEM,,NPC 장비슬롯 3/4 · itemDefId 비우면 미장착
npc_faction_cargo_ship_n_08__EX_01,npc_faction_cargo_ship_n_08,4,EX_01,,NPC 장비슬롯 4/4 · itemDefId 비우면 미장착
npc_faction_cargo_ship_n_09__ARMOR,npc_faction_cargo_ship_n_09,1,ARMOR,,NPC 장비슬롯 1/4 · itemDefId 비우면 미장착
npc_faction_cargo_ship_n_09__ENGINE,npc_faction_cargo_ship_n_09,2,ENGINE,,NPC 장비슬롯 2/4 · itemDefId 비우면 미장착
npc_faction_cargo_ship_n_09__SYSTEM,npc_faction_cargo_ship_n_09,3,SYSTEM,,NPC 장비슬롯 3/4 · itemDefId 비우면 미장착
npc_faction_cargo_ship_n_09__EX_01,npc_faction_cargo_ship_n_09,4,EX_01,,NPC 장비슬롯 4/4 · itemDefId 비우면 미장착
npc_faction_cargo_ship_n_10__ARMOR,npc_faction_cargo_ship_n_10,1,ARMOR,,NPC 장비슬롯 1/4 · itemDefId 비우면 미장착
npc_faction_cargo_ship_n_10__ENGINE,npc_faction_cargo_ship_n_10,2,ENGINE,,NPC 장비슬롯 2/4 · itemDefId 비우면 미장착
npc_faction_cargo_ship_n_10__SYSTEM,npc_faction_cargo_ship_n_10,3,SYSTEM,,NPC 장비슬롯 3/4 · itemDefId 비우면 미장착
npc_faction_cargo_ship_n_10__EX_01,npc_faction_cargo_ship_n_10,4,EX_01,,NPC 장비슬롯 4/4 · itemDefId 비우면 미장착
npc_faction_cargo_ship_n_11__ARMOR,npc_faction_cargo_ship_n_11,1,ARMOR,,NPC 장비슬롯 1/4 · itemDefId 비우면 미장착
npc_faction_cargo_ship_n_11__ENGINE,npc_faction_cargo_ship_n_11,2,ENGINE,,NPC 장비슬롯 2/4 · itemDefId 비우면 미장착
npc_faction_cargo_ship_n_11__SYSTEM,npc_faction_cargo_ship_n_11,3,SYSTEM,,NPC 장비슬롯 3/4 · itemDefId 비우면 미장착
npc_faction_cargo_ship_n_11__EX_01,npc_faction_cargo_ship_n_11,4,EX_01,,NPC 장비슬롯 4/4 · itemDefId 비우면 미장착
npc_faction_cargo_ship_n_12__ARMOR,npc_faction_cargo_ship_n_12,1,ARMOR,,NPC 장비슬롯 1/4 · itemDefId 비우면 미장착
npc_faction_cargo_ship_n_12__ENGINE,npc_faction_cargo_ship_n_12,2,ENGINE,,NPC 장비슬롯 2/4 · itemDefId 비우면 미장착
npc_faction_cargo_ship_n_12__SYSTEM,npc_faction_cargo_ship_n_12,3,SYSTEM,,NPC 장비슬롯 3/4 · itemDefId 비우면 미장착
npc_faction_cargo_ship_n_12__EX_01,npc_faction_cargo_ship_n_12,4,EX_01,,NPC 장비슬롯 4/4 · itemDefId 비우면 미장착
npc_faction_cargo_ship_s_01__ARMOR,npc_faction_cargo_ship_s_01,1,ARMOR,,NPC 장비슬롯 1/4 · itemDefId 비우면 미장착
npc_faction_cargo_ship_s_01__ENGINE,npc_faction_cargo_ship_s_01,2,ENGINE,,NPC 장비슬롯 2/4 · itemDefId 비우면 미장착
npc_faction_cargo_ship_s_01__SYSTEM,npc_faction_cargo_ship_s_01,3,SYSTEM,,NPC 장비슬롯 3/4 · itemDefId 비우면 미장착
npc_faction_cargo_ship_s_01__EX_01,npc_faction_cargo_ship_s_01,4,EX_01,,NPC 장비슬롯 4/4 · itemDefId 비우면 미장착
npc_faction_cargo_ship_s_02__ARMOR,npc_faction_cargo_ship_s_02,1,ARMOR,,NPC 장비슬롯 1/4 · itemDefId 비우면 미장착
npc_faction_cargo_ship_s_02__ENGINE,npc_faction_cargo_ship_s_02,2,ENGINE,,NPC 장비슬롯 2/4 · itemDefId 비우면 미장착
npc_faction_cargo_ship_s_02__SYSTEM,npc_faction_cargo_ship_s_02,3,SYSTEM,,NPC 장비슬롯 3/4 · itemDefId 비우면 미장착
npc_faction_cargo_ship_s_02__EX_01,npc_faction_cargo_ship_s_02,4,EX_01,,NPC 장비슬롯 4/4 · itemDefId 비우면 미장착
npc_faction_cargo_ship_s_03__ARMOR,npc_faction_cargo_ship_s_03,1,ARMOR,,NPC 장비슬롯 1/4 · itemDefId 비우면 미장착
npc_faction_cargo_ship_s_03__ENGINE,npc_faction_cargo_ship_s_03,2,ENGINE,,NPC 장비슬롯 2/4 · itemDefId 비우면 미장착
npc_faction_cargo_ship_s_03__SYSTEM,npc_faction_cargo_ship_s_03,3,SYSTEM,,NPC 장비슬롯 3/4 · itemDefId 비우면 미장착
npc_faction_cargo_ship_s_03__EX_01,npc_faction_cargo_ship_s_03,4,EX_01,,NPC 장비슬롯 4/4 · itemDefId 비우면 미장착
npc_faction_cargo_ship_s_04__ARMOR,npc_faction_cargo_ship_s_04,1,ARMOR,,NPC 장비슬롯 1/4 · itemDefId 비우면 미장착
npc_faction_cargo_ship_s_04__ENGINE,npc_faction_cargo_ship_s_04,2,ENGINE,,NPC 장비슬롯 2/4 · itemDefId 비우면 미장착
npc_faction_cargo_ship_s_04__SYSTEM,npc_faction_cargo_ship_s_04,3,SYSTEM,,NPC 장비슬롯 3/4 · itemDefId 비우면 미장착
npc_faction_cargo_ship_s_04__EX_01,npc_faction_cargo_ship_s_04,4,EX_01,,NPC 장비슬롯 4/4 · itemDefId 비우면 미장착
npc_faction_cargo_ship_s_05__ARMOR,npc_faction_cargo_ship_s_05,1,ARMOR,,NPC 장비슬롯 1/4 · itemDefId 비우면 미장착
npc_faction_cargo_ship_s_05__ENGINE,npc_faction_cargo_ship_s_05,2,ENGINE,,NPC 장비슬롯 2/4 · itemDefId 비우면 미장착
npc_faction_cargo_ship_s_05__SYSTEM,npc_faction_cargo_ship_s_05,3,SYSTEM,,NPC 장비슬롯 3/4 · itemDefId 비우면 미장착
npc_faction_cargo_ship_s_05__EX_01,npc_faction_cargo_ship_s_05,4,EX_01,,NPC 장비슬롯 4/4 · itemDefId 비우면 미장착
npc_faction_cargo_ship_s_06__ARMOR,npc_faction_cargo_ship_s_06,1,ARMOR,,NPC 장비슬롯 1/4 · itemDefId 비우면 미장착
npc_faction_cargo_ship_s_06__ENGINE,npc_faction_cargo_ship_s_06,2,ENGINE,,NPC 장비슬롯 2/4 · itemDefId 비우면 미장착
npc_faction_cargo_ship_s_06__SYSTEM,npc_faction_cargo_ship_s_06,3,SYSTEM,,NPC 장비슬롯 3/4 · itemDefId 비우면 미장착
npc_faction_cargo_ship_s_06__EX_01,npc_faction_cargo_ship_s_06,4,EX_01,,NPC 장비슬롯 4/4 · itemDefId 비우면 미장착
npc_faction_cargo_ship_s_07__ARMOR,npc_faction_cargo_ship_s_07,1,ARMOR,,NPC 장비슬롯 1/4 · itemDefId 비우면 미장착
npc_faction_cargo_ship_s_07__ENGINE,npc_faction_cargo_ship_s_07,2,ENGINE,,NPC 장비슬롯 2/4 · itemDefId 비우면 미장착
npc_faction_cargo_ship_s_07__SYSTEM,npc_faction_cargo_ship_s_07,3,SYSTEM,,NPC 장비슬롯 3/4 · itemDefId 비우면 미장착
npc_faction_cargo_ship_s_07__EX_01,npc_faction_cargo_ship_s_07,4,EX_01,,NPC 장비슬롯 4/4 · itemDefId 비우면 미장착
npc_faction_cargo_ship_s_08__ARMOR,npc_faction_cargo_ship_s_08,1,ARMOR,,NPC 장비슬롯 1/4 · itemDefId 비우면 미장착
npc_faction_cargo_ship_s_08__ENGINE,npc_faction_cargo_ship_s_08,2,ENGINE,,NPC 장비슬롯 2/4 · itemDefId 비우면 미장착
npc_faction_cargo_ship_s_08__SYSTEM,npc_faction_cargo_ship_s_08,3,SYSTEM,,NPC 장비슬롯 3/4 · itemDefId 비우면 미장착
npc_faction_cargo_ship_s_08__EX_01,npc_faction_cargo_ship_s_08,4,EX_01,,NPC 장비슬롯 4/4 · itemDefId 비우면 미장착
npc_faction_cargo_ship_s_09__ARMOR,npc_faction_cargo_ship_s_09,1,ARMOR,,NPC 장비슬롯 1/4 · itemDefId 비우면 미장착
npc_faction_cargo_ship_s_09__ENGINE,npc_faction_cargo_ship_s_09,2,ENGINE,,NPC 장비슬롯 2/4 · itemDefId 비우면 미장착
npc_faction_cargo_ship_s_09__SYSTEM,npc_faction_cargo_ship_s_09,3,SYSTEM,,NPC 장비슬롯 3/4 · itemDefId 비우면 미장착
npc_faction_cargo_ship_s_09__EX_01,npc_faction_cargo_ship_s_09,4,EX_01,,NPC 장비슬롯 4/4 · itemDefId 비우면 미장착
npc_faction_cargo_ship_s_10__ARMOR,npc_faction_cargo_ship_s_10,1,ARMOR,,NPC 장비슬롯 1/4 · itemDefId 비우면 미장착
npc_faction_cargo_ship_s_10__ENGINE,npc_faction_cargo_ship_s_10,2,ENGINE,,NPC 장비슬롯 2/4 · itemDefId 비우면 미장착
npc_faction_cargo_ship_s_10__SYSTEM,npc_faction_cargo_ship_s_10,3,SYSTEM,,NPC 장비슬롯 3/4 · itemDefId 비우면 미장착
npc_faction_cargo_ship_s_10__EX_01,npc_faction_cargo_ship_s_10,4,EX_01,,NPC 장비슬롯 4/4 · itemDefId 비우면 미장착
npc_faction_cargo_ship_s_11__ARMOR,npc_faction_cargo_ship_s_11,1,ARMOR,,NPC 장비슬롯 1/4 · itemDefId 비우면 미장착
npc_faction_cargo_ship_s_11__ENGINE,npc_faction_cargo_ship_s_11,2,ENGINE,,NPC 장비슬롯 2/4 · itemDefId 비우면 미장착
npc_faction_cargo_ship_s_11__SYSTEM,npc_faction_cargo_ship_s_11,3,SYSTEM,,NPC 장비슬롯 3/4 · itemDefId 비우면 미장착
npc_faction_cargo_ship_s_11__EX_01,npc_faction_cargo_ship_s_11,4,EX_01,,NPC 장비슬롯 4/4 · itemDefId 비우면 미장착
npc_faction_cargo_ship_s_12__ARMOR,npc_faction_cargo_ship_s_12,1,ARMOR,,NPC 장비슬롯 1/4 · itemDefId 비우면 미장착
npc_faction_cargo_ship_s_12__ENGINE,npc_faction_cargo_ship_s_12,2,ENGINE,,NPC 장비슬롯 2/4 · itemDefId 비우면 미장착
npc_faction_cargo_ship_s_12__SYSTEM,npc_faction_cargo_ship_s_12,3,SYSTEM,,NPC 장비슬롯 3/4 · itemDefId 비우면 미장착
npc_faction_cargo_ship_s_12__EX_01,npc_faction_cargo_ship_s_12,4,EX_01,,NPC 장비슬롯 4/4 · itemDefId 비우면 미장착
npc_faction_cargo_ship_w_01__ARMOR,npc_faction_cargo_ship_w_01,1,ARMOR,,NPC 장비슬롯 1/4 · itemDefId 비우면 미장착
npc_faction_cargo_ship_w_01__ENGINE,npc_faction_cargo_ship_w_01,2,ENGINE,,NPC 장비슬롯 2/4 · itemDefId 비우면 미장착
npc_faction_cargo_ship_w_01__SYSTEM,npc_faction_cargo_ship_w_01,3,SYSTEM,,NPC 장비슬롯 3/4 · itemDefId 비우면 미장착
npc_faction_cargo_ship_w_01__EX_01,npc_faction_cargo_ship_w_01,4,EX_01,,NPC 장비슬롯 4/4 · itemDefId 비우면 미장착
npc_faction_cargo_ship_w_02__ARMOR,npc_faction_cargo_ship_w_02,1,ARMOR,,NPC 장비슬롯 1/4 · itemDefId 비우면 미장착
npc_faction_cargo_ship_w_02__ENGINE,npc_faction_cargo_ship_w_02,2,ENGINE,,NPC 장비슬롯 2/4 · itemDefId 비우면 미장착
npc_faction_cargo_ship_w_02__SYSTEM,npc_faction_cargo_ship_w_02,3,SYSTEM,,NPC 장비슬롯 3/4 · itemDefId 비우면 미장착
npc_faction_cargo_ship_w_02__EX_01,npc_faction_cargo_ship_w_02,4,EX_01,,NPC 장비슬롯 4/4 · itemDefId 비우면 미장착
npc_faction_cargo_ship_w_03__ARMOR,npc_faction_cargo_ship_w_03,1,ARMOR,,NPC 장비슬롯 1/4 · itemDefId 비우면 미장착
npc_faction_cargo_ship_w_03__ENGINE,npc_faction_cargo_ship_w_03,2,ENGINE,,NPC 장비슬롯 2/4 · itemDefId 비우면 미장착
npc_faction_cargo_ship_w_03__SYSTEM,npc_faction_cargo_ship_w_03,3,SYSTEM,,NPC 장비슬롯 3/4 · itemDefId 비우면 미장착
npc_faction_cargo_ship_w_03__EX_01,npc_faction_cargo_ship_w_03,4,EX_01,,NPC 장비슬롯 4/4 · itemDefId 비우면 미장착
npc_faction_cargo_ship_w_04__ARMOR,npc_faction_cargo_ship_w_04,1,ARMOR,,NPC 장비슬롯 1/4 · itemDefId 비우면 미장착
npc_faction_cargo_ship_w_04__ENGINE,npc_faction_cargo_ship_w_04,2,ENGINE,,NPC 장비슬롯 2/4 · itemDefId 비우면 미장착
npc_faction_cargo_ship_w_04__SYSTEM,npc_faction_cargo_ship_w_04,3,SYSTEM,,NPC 장비슬롯 3/4 · itemDefId 비우면 미장착
npc_faction_cargo_ship_w_04__EX_01,npc_faction_cargo_ship_w_04,4,EX_01,,NPC 장비슬롯 4/4 · itemDefId 비우면 미장착
npc_faction_cargo_ship_w_05__ARMOR,npc_faction_cargo_ship_w_05,1,ARMOR,,NPC 장비슬롯 1/4 · itemDefId 비우면 미장착
npc_faction_cargo_ship_w_05__ENGINE,npc_faction_cargo_ship_w_05,2,ENGINE,,NPC 장비슬롯 2/4 · itemDefId 비우면 미장착
npc_faction_cargo_ship_w_05__SYSTEM,npc_faction_cargo_ship_w_05,3,SYSTEM,,NPC 장비슬롯 3/4 · itemDefId 비우면 미장착
npc_faction_cargo_ship_w_05__EX_01,npc_faction_cargo_ship_w_05,4,EX_01,,NPC 장비슬롯 4/4 · itemDefId 비우면 미장착
npc_faction_cargo_ship_w_06__ARMOR,npc_faction_cargo_ship_w_06,1,ARMOR,,NPC 장비슬롯 1/4 · itemDefId 비우면 미장착
npc_faction_cargo_ship_w_06__ENGINE,npc_faction_cargo_ship_w_06,2,ENGINE,,NPC 장비슬롯 2/4 · itemDefId 비우면 미장착
npc_faction_cargo_ship_w_06__SYSTEM,npc_faction_cargo_ship_w_06,3,SYSTEM,,NPC 장비슬롯 3/4 · itemDefId 비우면 미장착
npc_faction_cargo_ship_w_06__EX_01,npc_faction_cargo_ship_w_06,4,EX_01,,NPC 장비슬롯 4/4 · itemDefId 비우면 미장착
npc_faction_cargo_ship_w_07__ARMOR,npc_faction_cargo_ship_w_07,1,ARMOR,,NPC 장비슬롯 1/4 · itemDefId 비우면 미장착
npc_faction_cargo_ship_w_07__ENGINE,npc_faction_cargo_ship_w_07,2,ENGINE,,NPC 장비슬롯 2/4 · itemDefId 비우면 미장착
npc_faction_cargo_ship_w_07__SYSTEM,npc_faction_cargo_ship_w_07,3,SYSTEM,,NPC 장비슬롯 3/4 · itemDefId 비우면 미장착
npc_faction_cargo_ship_w_07__EX_01,npc_faction_cargo_ship_w_07,4,EX_01,,NPC 장비슬롯 4/4 · itemDefId 비우면 미장착
npc_faction_cargo_ship_w_08__ARMOR,npc_faction_cargo_ship_w_08,1,ARMOR,,NPC 장비슬롯 1/4 · itemDefId 비우면 미장착
npc_faction_cargo_ship_w_08__ENGINE,npc_faction_cargo_ship_w_08,2,ENGINE,,NPC 장비슬롯 2/4 · itemDefId 비우면 미장착
npc_faction_cargo_ship_w_08__SYSTEM,npc_faction_cargo_ship_w_08,3,SYSTEM,,NPC 장비슬롯 3/4 · itemDefId 비우면 미장착
npc_faction_cargo_ship_w_08__EX_01,npc_faction_cargo_ship_w_08,4,EX_01,,NPC 장비슬롯 4/4 · itemDefId 비우면 미장착
npc_faction_cargo_ship_w_09__ARMOR,npc_faction_cargo_ship_w_09,1,ARMOR,,NPC 장비슬롯 1/4 · itemDefId 비우면 미장착
npc_faction_cargo_ship_w_09__ENGINE,npc_faction_cargo_ship_w_09,2,ENGINE,,NPC 장비슬롯 2/4 · itemDefId 비우면 미장착
npc_faction_cargo_ship_w_09__SYSTEM,npc_faction_cargo_ship_w_09,3,SYSTEM,,NPC 장비슬롯 3/4 · itemDefId 비우면 미장착
npc_faction_cargo_ship_w_09__EX_01,npc_faction_cargo_ship_w_09,4,EX_01,,NPC 장비슬롯 4/4 · itemDefId 비우면 미장착
npc_faction_cargo_ship_w_10__ARMOR,npc_faction_cargo_ship_w_10,1,ARMOR,,NPC 장비슬롯 1/4 · itemDefId 비우면 미장착
npc_faction_cargo_ship_w_10__ENGINE,npc_faction_cargo_ship_w_10,2,ENGINE,,NPC 장비슬롯 2/4 · itemDefId 비우면 미장착
npc_faction_cargo_ship_w_10__SYSTEM,npc_faction_cargo_ship_w_10,3,SYSTEM,,NPC 장비슬롯 3/4 · itemDefId 비우면 미장착
npc_faction_cargo_ship_w_10__EX_01,npc_faction_cargo_ship_w_10,4,EX_01,,NPC 장비슬롯 4/4 · itemDefId 비우면 미장착
npc_faction_cargo_ship_w_11__ARMOR,npc_faction_cargo_ship_w_11,1,ARMOR,,NPC 장비슬롯 1/4 · itemDefId 비우면 미장착
npc_faction_cargo_ship_w_11__ENGINE,npc_faction_cargo_ship_w_11,2,ENGINE,,NPC 장비슬롯 2/4 · itemDefId 비우면 미장착
npc_faction_cargo_ship_w_11__SYSTEM,npc_faction_cargo_ship_w_11,3,SYSTEM,,NPC 장비슬롯 3/4 · itemDefId 비우면 미장착
npc_faction_cargo_ship_w_11__EX_01,npc_faction_cargo_ship_w_11,4,EX_01,,NPC 장비슬롯 4/4 · itemDefId 비우면 미장착
npc_faction_cargo_ship_w_12__ARMOR,npc_faction_cargo_ship_w_12,1,ARMOR,,NPC 장비슬롯 1/4 · itemDefId 비우면 미장착
npc_faction_cargo_ship_w_12__ENGINE,npc_faction_cargo_ship_w_12,2,ENGINE,,NPC 장비슬롯 2/4 · itemDefId 비우면 미장착
npc_faction_cargo_ship_w_12__SYSTEM,npc_faction_cargo_ship_w_12,3,SYSTEM,,NPC 장비슬롯 3/4 · itemDefId 비우면 미장착
npc_faction_cargo_ship_w_12__EX_01,npc_faction_cargo_ship_w_12,4,EX_01,,NPC 장비슬롯 4/4 · itemDefId 비우면 미장착
npc_solar_guard_1__ARMOR,npc_solar_guard_1,1,ARMOR,,NPC 장비슬롯 1/4 · itemDefId 비우면 미장착
npc_solar_guard_1__ENGINE,npc_solar_guard_1,2,ENGINE,,NPC 장비슬롯 2/4 · itemDefId 비우면 미장착
npc_solar_guard_1__SYSTEM,npc_solar_guard_1,3,SYSTEM,,NPC 장비슬롯 3/4 · itemDefId 비우면 미장착
npc_solar_guard_1__EX_01,npc_solar_guard_1,4,EX_01,,NPC 장비슬롯 4/4 · itemDefId 비우면 미장착
npc_solar_guard_2__ARMOR,npc_solar_guard_2,1,ARMOR,,NPC 장비슬롯 1/4 · itemDefId 비우면 미장착
npc_solar_guard_2__ENGINE,npc_solar_guard_2,2,ENGINE,,NPC 장비슬롯 2/4 · itemDefId 비우면 미장착
npc_solar_guard_2__SYSTEM,npc_solar_guard_2,3,SYSTEM,,NPC 장비슬롯 3/4 · itemDefId 비우면 미장착
npc_solar_guard_2__EX_01,npc_solar_guard_2,4,EX_01,,NPC 장비슬롯 4/4 · itemDefId 비우면 미장착
npc_vega_guard_1__ARMOR,npc_vega_guard_1,1,ARMOR,,NPC 장비슬롯 1/4 · itemDefId 비우면 미장착
npc_vega_guard_1__ENGINE,npc_vega_guard_1,2,ENGINE,,NPC 장비슬롯 2/4 · itemDefId 비우면 미장착
npc_vega_guard_1__SYSTEM,npc_vega_guard_1,3,SYSTEM,,NPC 장비슬롯 3/4 · itemDefId 비우면 미장착
npc_vega_guard_1__EX_01,npc_vega_guard_1,4,EX_01,,NPC 장비슬롯 4/4 · itemDefId 비우면 미장착
npc_vega_guard_2__ARMOR,npc_vega_guard_2,1,ARMOR,,NPC 장비슬롯 1/4 · itemDefId 비우면 미장착
npc_vega_guard_2__ENGINE,npc_vega_guard_2,2,ENGINE,,NPC 장비슬롯 2/4 · itemDefId 비우면 미장착
npc_vega_guard_2__SYSTEM,npc_vega_guard_2,3,SYSTEM,,NPC 장비슬롯 3/4 · itemDefId 비우면 미장착
npc_vega_guard_2__EX_01,npc_vega_guard_2,4,EX_01,,NPC 장비슬롯 4/4 · itemDefId 비우면 미장착
npc_vega_test_ship_a__ARMOR,npc_vega_test_ship_a,1,ARMOR,,NPC 장비슬롯 1/4 · itemDefId 비우면 미장착
npc_vega_test_ship_a__ENGINE,npc_vega_test_ship_a,2,ENGINE,,NPC 장비슬롯 2/4 · itemDefId 비우면 미장착
npc_vega_test_ship_a__SYSTEM,npc_vega_test_ship_a,3,SYSTEM,,NPC 장비슬롯 3/4 · itemDefId 비우면 미장착
npc_vega_test_ship_a__EX_01,npc_vega_test_ship_a,4,EX_01,,NPC 장비슬롯 4/4 · itemDefId 비우면 미장착
npc_vega_test_ship_b__ARMOR,npc_vega_test_ship_b,1,ARMOR,,NPC 장비슬롯 1/4 · itemDefId 비우면 미장착
npc_vega_test_ship_b__ENGINE,npc_vega_test_ship_b,2,ENGINE,,NPC 장비슬롯 2/4 · itemDefId 비우면 미장착
npc_vega_test_ship_b__SYSTEM,npc_vega_test_ship_b,3,SYSTEM,,NPC 장비슬롯 3/4 · itemDefId 비우면 미장착
npc_vega_test_ship_b__EX_01,npc_vega_test_ship_b,4,EX_01,,NPC 장비슬롯 4/4 · itemDefId 비우면 미장착
